Project,Classification,Comment
argouml,DEFECT,"// TODO: This appears to expect that the UML 1.3 tag name // will appear as a property name in an event, but with the // UML 1.4 switch to TagDefinitions, this won't work"
argouml,DEFECT,// Appears to be gone from UML 2.x
apache-jmeter-2.10,DEFECT,"/*          * This means that a new page will be shown before rendering is complete,          * however the correct location will be displayed.          * Attempts to use a ""page"" PropertyChangeListener to detect when the page          * has been loaded failed to work any better.           */"
jfreechart-1.0.19,DEFECT,// result = this.workingCalendar.getTimeInMillis(); // preceding code won't work with JDK 1.3
jEdit-4.2,DEFECT,/* two plugins provide same class! */
argouml,DESIGN,/**      * The constructor.<p>      *      * TODO: Is this constructor used? What is the purpose with it?      *      * @param n the name to be localized      * @param subs the go rules      */
hibernate-distribution-3.3.2.GA,DESIGN,//TODO: is there a better way?
emf-2.4.1,DESIGN,"// Note: Registry based authority is being removed from a // new spec for URI which would obsolete RFC 2396. If the // spec is added to XML errata, processing of reg_name // needs to be removed. - mrglavas."
columba-1.4-src,DESIGN,// TODO (@author fdietz): move this to AbstractMessageFolder constructor
jruby-1.4.0,DESIGN,// TODO: rounding mode should not be hard-coded. See #mode.
argouml,DESIGN,// TODO: Encountering a deleted object during // any part of this traversal will // abort the rest of the traversal. // We probably should do the whole traversal // in a single MDR transaction.
jruby-1.4.0,DESIGN,// TODO: this method is not present in MRI!
hibernate-distribution-3.3.2.GA,DESIGN,"// todo : should this get moved to PersistentContext? // logically, is PersistentContext the ""thing"" to which an interceptor gets attached?"
jfreechart-1.0.19,DESIGN,// defer argument checking
jfreechart-1.0.19,DESIGN,// defer argument checking...
jfreechart-1.0.19,DESIGN,// a redraw should NOT trigger another change event
sql12,DESIGN,"//??? For now, use the same renderer as everyone else. //?? //?? IN FUTURE: change this to use a new instance of renederer //?? for this data type."
argouml,DESIGN,// TODO: Do we want the top level package here instead of the immediate // parent?
jruby-1.4.0,DESIGN,"// if we don't have opt args, start after args (they will be assigned later) // this is for crap like def foo(a = (b = true; 1)) which numbers b before a // FIXME: only starting after required args, since opt args may access others // and rest args conflicts with compileRoot using ""0"" to indicate [] signature."
hibernate-distribution-3.3.2.GA,DESIGN,"// todo: we should really just collect these from the various SelectExpressions, rather than regenerating here"
sql12,DESIGN,// ??Need to tell object to display itself in a panel.
apache-jmeter-2.10,DESIGN,// How many classes can we assign from? // TODO: there must be a nicer way...
argouml,DESIGN,// TODO: This will need to be adapted to send undo/redo commands back // to our consumer (e.g. ArgoUML) if a new undo mechanism is implemented // for the Model subsystem - tfm
argouml,DESIGN,"// TODO: this should be more extensible... may be only // ""findPanelFor(target)"" if there is a panel why not show it?"
argouml,DESIGN,"/**  * This is the ""main"" class for the GUI subsystem.<p>  *  * Users of the GUI subsystem, i.e. components that are to place themselves  * in any of the GUI components, register themselves in this class.<p>  *  * TODO: Add the rest of the registers to this.  *  * @author Linus Tolke  * @since 0.21.3  */"
jruby-1.4.0,DESIGN,// TODO: need to get this back into the method signature...now is too late...
argouml,DESIGN,/**      * Builds a default implementation for a class. The class is not owned by      * any model element by default. Users should not forget to add ownership.      *      * @return newly created Class      * TODO: This needs an extra parameter to specify the model/extent where      * the new element should be created.      */
sql12,DESIGN,/*      *      *      * Implement IDataSetUpdateableModel interface      * and IDataSetUpdateableTableModel interface      *      * TODO: THIS CODE WAS COPIED FROM ContentsTab.  IT SHOULD PROBABLY      * BE PUT INTO A COMMON LOCATION AND SHARED BY BOTH THIS      * CLASS AND ContentsTab.      *      *      */
apache-ant-1.7.0,DESIGN,// *************  copied from ConcatTest  *************
argouml,DESIGN,// TODO: Can this be made more restrictive? // Do we care about any attributes other than name? - tfm
jruby-1.4.0,DESIGN,// from DUP_SETUP // rb_copy_generic_ivar from DUP_SETUP here ...unlikely..
columba-1.4-src,DESIGN,//TODO (@author fdietz): i18n
argouml,DOCUMENTATION,// TODO: Document why we catch this.
argouml,IMPLEMENTATION,// not needed
argouml,IMPLEMENTATION,// TODO: Why aren't we throwing an exception here? // Returning null results in NPE and no explanation why.
argouml,IMPLEMENTATION,// TODO: Do we need this? Is this the same as emptyFig.getHeight()?
emf-2.4.1,IMPLEMENTATION,// TODO Binary incompatibility; an old override must override putAll.
argouml,IMPLEMENTATION,"/**      * Removes a listener, eventtype pair from the listener list.      *      * TODO: replace the listener implementation with a EventListenerList      * for better performance      *      * @param event the event to which the listener will not listen any more      * @param listener the listener to be removed      */"
argouml,IMPLEMENTATION,// TODO: Tentative implementation. Do we want something that updates // the list of open projects or just simple open and close events? -tfm
argouml,IMPLEMENTATION,// TODO: This shouldn't require two passes through the list - tfm
argouml,IMPLEMENTATION,/* We need to extend the ExtensionMechanismsFactory so that                   * we can replace the above deprecated call with something like this: */
jruby-1.4.0,TEST,// ?R  | boolean | True if file is readable by the real uid/gid of the caller // FIXME: Need to implement an readable_real_p in FileTest
jEdit-4.2,WITHOUT_CLASSIFICATION,//{{{ isSelectionRectangular() method
jfreechart-1.0.19,WITHOUT_CLASSIFICATION,// check if starting new column
jfreechart-1.0.19,WITHOUT_CLASSIFICATION,// shape sequence
sql12,WITHOUT_CLASSIFICATION,//i18n[ColumnListDialog.modifyTitle=Select Column To Modify]
jruby-1.4.0,WITHOUT_CLASSIFICATION,"// variable is never read, variable is never live"
jEdit-4.2,WITHOUT_CLASSIFICATION,//{{{ Constants
jEdit-4.2,WITHOUT_CLASSIFICATION,//}}}
apache-ant-1.7.0,WITHOUT_CLASSIFICATION,// -----  member variables  -----
jfreechart-1.0.19,WITHOUT_CLASSIFICATION,//set upperLeft point // x is minor
jEdit-4.2,WITHOUT_CLASSIFICATION,//{{{ mouseDragged() method
jfreechart-1.0.19,WITHOUT_CLASSIFICATION,//// OUTLINE PAINT ////////////////////////////////////////////////////////
apache-jmeter-2.10,WITHOUT_CLASSIFICATION,// Bug can generate RTE
sql12,WITHOUT_CLASSIFICATION,// COLUMN_NAME
argouml,WITHOUT_CLASSIFICATION,// classify nodes by base path
jEdit-4.2,WITHOUT_CLASSIFICATION,//{{{ ok() method
sql12,WITHOUT_CLASSIFICATION,// i18n[DatabaseMetaData.nullableTypeNoNulls=false]
sql12,WITHOUT_CLASSIFICATION,// Sort the rows by the property name.
jEdit-4.2,WITHOUT_CLASSIFICATION,//{{{ _backup() method
jfreechart-1.0.19,WITHOUT_CLASSIFICATION,// a Long kept updated by advanceTime()
sql12,WITHOUT_CLASSIFICATION,"// user just entered the hour, so append min & sec"
argouml,WITHOUT_CLASSIFICATION,/*      * @see org.argouml.persistence.AbstractFilePersister#getDesc()      */
apache-jmeter-2.10,WITHOUT_CLASSIFICATION,// No point checking an empty keystore
jruby-1.4.0,WITHOUT_CLASSIFICATION,"// value is already on stack, save it for later"
emf-2.4.1,WITHOUT_CLASSIFICATION,// Either the IEditingDomainItemProvider or ITreeItemContentProvider item provider interface can give us // the children. //
jEdit-4.2,WITHOUT_CLASSIFICATION,//{{{ isVisible() method
apache-ant-1.7.0,WITHOUT_CLASSIFICATION,//connect to the remote site (may take some time)
jfreechart-1.0.19,WITHOUT_CLASSIFICATION,/* shape visible = */
argouml,WITHOUT_CLASSIFICATION,/*      * @see java.awt.event.ActionListener#actionPerformed(java.awt.event.ActionEvent)      */
argouml,WITHOUT_CLASSIFICATION,/*      * @see org.tigris.gef.presentation.Fig#paint(java.awt.Graphics)      */
argouml,WITHOUT_CLASSIFICATION,// add the listeners to the newOwner
argouml,WITHOUT_CLASSIFICATION,// Quadrant II & III
argouml,WITHOUT_CLASSIFICATION,/*      * @see junit.framework.TestCase#setUp()      */
argouml,WITHOUT_CLASSIFICATION,/*          * @see org.argouml.uml.ui.UMLComboBoxModel#isValidElement(Object)          */
jEdit-4.2,WITHOUT_CLASSIFICATION,//{{{ getToolTipLocation() method
apache-jmeter-2.10,WITHOUT_CLASSIFICATION,// $NON-NLS-1$
jEdit-4.2,WITHOUT_CLASSIFICATION,/* nothing done between begin/end calls */
apache-ant-1.7.0,WITHOUT_CLASSIFICATION,// deal with the resource collections
columba-1.4-src,WITHOUT_CLASSIFICATION,// Try again after shutdown
sql12,WITHOUT_CLASSIFICATION,/* 	 * (non-Javadoc) 	 *  	 * @see net.sourceforge.squirrel_sql.plugins.dbcopy.dialects.HibernateDialect#getMaxPrecision(int) 	 */
sql12,WITHOUT_CLASSIFICATION,// all local and columns for the other tables..
apache-jmeter-2.10,WITHOUT_CLASSIFICATION,// Make sure all the data is flushed out
jEdit-4.2,WITHOUT_CLASSIFICATION,// Users should not normally see this.
jEdit-4.2,WITHOUT_CLASSIFICATION,//{{{ clear() method
apache-jmeter-2.10,WITHOUT_CLASSIFICATION,"// verify t belongs to the curve (range [0, _m-1])"
apache-jmeter-2.10,WITHOUT_CLASSIFICATION,// two jars same version // two jars same version
jEdit-4.2,WITHOUT_CLASSIFICATION,//}}}
columba-1.4-src,WITHOUT_CLASSIFICATION,// calculate size and return it
jruby-1.4.0,WITHOUT_CLASSIFICATION,// line 896
columba-1.4-src,WITHOUT_CLASSIFICATION,// Get the current classpath from the sysloader // through reflection
emf-2.4.1,WITHOUT_CLASSIFICATION,//$NON-NLS-1$
jfreechart-1.0.19,WITHOUT_CLASSIFICATION,// check that the series visible flag is observed
columba-1.4-src,WITHOUT_CLASSIFICATION,//overwrite old bundle
jruby-1.4.0,WITHOUT_CLASSIFICATION,"//tmpPosition is required because getPosition()'s side effects. //if the warning is generated, the getPosition() on line 954 (this line + 18) will create //a wrong position if the ""inclusive"" flag is not set."
apache-ant-1.7.0,WITHOUT_CLASSIFICATION,// CheckStyle:VisibilityModifier ON
argouml,WITHOUT_CLASSIFICATION,/* Upper / Lower case */
jEdit-4.2,WITHOUT_CLASSIFICATION,//{{{ getRowCount() method
jfreechart-1.0.19,WITHOUT_CLASSIFICATION,//negatives not allowed and lower range bound is zero //use data range bound instead
jEdit-4.2,WITHOUT_CLASSIFICATION,//}}}
sql12,WITHOUT_CLASSIFICATION,// i18n[mssql.allViews=All views]
emf-2.4.1,WITHOUT_CLASSIFICATION,/*1D400..1D7FF;*/
columba-1.4-src,WITHOUT_CLASSIFICATION,// update tree model
argouml,WITHOUT_CLASSIFICATION,// Make the edge go between nearest points
argouml,WITHOUT_CLASSIFICATION,"// Required for MouseListener interface, but we only care about clicks"
jruby-1.4.0,WITHOUT_CLASSIFICATION,// eh?!
emf-2.4.1,WITHOUT_CLASSIFICATION,// Compute the holder of the proxy //
sql12,WITHOUT_CLASSIFICATION,/* (non-Javadoc) 		 * @see javax.swing.table.DefaultTableModel#getRowCount() 		 */
jEdit-4.2,WITHOUT_CLASSIFICATION,/* Font */
jEdit-4.2,WITHOUT_CLASSIFICATION,//}}}
sql12,WITHOUT_CLASSIFICATION,//i18n[ColumnDetailsDialog.tableNameLabel=Table Name: ]
apache-ant-1.7.0,WITHOUT_CLASSIFICATION,// copy the source and support files
jEdit-4.2,WITHOUT_CLASSIFICATION,//{{{ insertFile() method
argouml,WITHOUT_CLASSIFICATION,// DataType // 4.5.3.12 [1]
sql12,WITHOUT_CLASSIFICATION,// we may have more than one statement in sql at this point
jruby-1.4.0,WITHOUT_CLASSIFICATION,// line 1381
jfreechart-1.0.19,WITHOUT_CLASSIFICATION,// drawVolume
jruby-1.4.0,WITHOUT_CLASSIFICATION,// out of byte range // there will be no match for sure
hibernate-distribution-3.3.2.GA,WITHOUT_CLASSIFICATION,/* static methods only - hide constructor */
jEdit-4.2,WITHOUT_CLASSIFICATION,// Primitive to arbitrary object type.  // Allow Primitive.castToType() to handle it as well as cases of  // Primitive.NULL and Primitive.VOID
hibernate-distribution-3.3.2.GA,WITHOUT_CLASSIFICATION,// ORPHAN DELETE (used for programmer error detection)
columba-1.4-src,WITHOUT_CLASSIFICATION,"// execute application, enabling blocking"
emf-2.4.1,WITHOUT_CLASSIFICATION,//SimpleAnyTypeImpl
columba-1.4-src,WITHOUT_CLASSIFICATION,/* (non-Javadoc)      * @see java.awt.event.ActionListener#actionPerformed(java.awt.event.ActionEvent)      */
apache-jmeter-2.10,WITHOUT_CLASSIFICATION,// We know that URL arguments should always be encoded in UTF-8 according to spec
apache-jmeter-2.10,WITHOUT_CLASSIFICATION,//$NON-NLS-1$ //$NON-NLS-1$
sql12,WITHOUT_CLASSIFICATION,// private DBUtils dbUtils;
argouml,WITHOUT_CLASSIFICATION,/*      * @see org.argouml.ui.explorer.rules.PerspectiveRule#getChildren(java.lang.Object)      */
apache-ant-1.7.0,WITHOUT_CLASSIFICATION,//ignore
argouml,WITHOUT_CLASSIFICATION,/*      * @see org.argouml.ui.explorer.rules.PerspectiveRule#getDependencies(java.lang.Object)      */
apache-ant-1.7.0,WITHOUT_CLASSIFICATION,// do nothing
apache-jmeter-2.10,WITHOUT_CLASSIFICATION,// i.e. is == null
argouml,WITHOUT_CLASSIFICATION,/* end class CrMultiComposite */
sql12,WITHOUT_CLASSIFICATION,// Column
jEdit-4.2,WITHOUT_CLASSIFICATION,//{{{ unregister() method
jfreechart-1.0.19,WITHOUT_CLASSIFICATION,// collect entity and tool tip information...
argouml,WITHOUT_CLASSIFICATION,/*      * @see java.awt.event.MouseListener#mouseReleased(java.awt.event.MouseEvent)      */
argouml,WITHOUT_CLASSIFICATION,/*      * @see org.argouml.uml.diagram.ui.FigNodeModelElement#renderingChanged()      */
jEdit-4.2,WITHOUT_CLASSIFICATION,//{{{ Expand the fold...
columba-1.4-src,WITHOUT_CLASSIFICATION,// create stream from string
jEdit-4.2,WITHOUT_CLASSIFICATION,//{{{ Position match hints
emf-2.4.1,WITHOUT_CLASSIFICATION,"// lower all except the last upper case character if there are // more than one upper case characters in the beginning. // e.g. XSDElementContent -> xsdElementContent // However if the whole string is upper case, the whole string // is turned into lower case. // e.g. CPU -> cpu"
columba-1.4-src,WITHOUT_CLASSIFICATION,// notify all listeners
jEdit-4.2,WITHOUT_CLASSIFICATION,//}}}
sql12,WITHOUT_CLASSIFICATION,// Oracle's 'TIMESTAMP WITH TIME ZONE' == -101 // Oracle's 'TIMESTAMP WITH LOCAL TIME ZONE' == // -102
argouml,WITHOUT_CLASSIFICATION,/*      * @see java.awt.event.ActionListener#actionPerformed(      *         java.awt.event.ActionEvent)      */
hibernate-distribution-3.3.2.GA,WITHOUT_CLASSIFICATION,// to be safe...
columba-1.4-src,WITHOUT_CLASSIFICATION,// set name of column
columba-1.4-src,WITHOUT_CLASSIFICATION,// mail folder tree
apache-jmeter-2.10,WITHOUT_CLASSIFICATION,// $NON-NLS-1$
jEdit-4.2,WITHOUT_CLASSIFICATION,//{{{ toggleDockableWindow() method
sql12,WITHOUT_CLASSIFICATION,"// delete last ','"
jEdit-4.2,WITHOUT_CLASSIFICATION,// Apply most specific signature matching
jEdit-4.2,WITHOUT_CLASSIFICATION,//{{{ getFile() method
jEdit-4.2,WITHOUT_CLASSIFICATION,//}}}
apache-jmeter-2.10,WITHOUT_CLASSIFICATION,// incrementCurrent();
hibernate-distribution-3.3.2.GA,WITHOUT_CLASSIFICATION,//we ran out of ids to try
apache-ant-1.7.0,WITHOUT_CLASSIFICATION,// CheckStyle:VisibilityModifier OFF - bc
jEdit-4.2,WITHOUT_CLASSIFICATION,//{{{ Getters and setters
apache-jmeter-2.10,WITHOUT_CLASSIFICATION,// Check arguments
apache-ant-1.7.0,WITHOUT_CLASSIFICATION,//add some time. We assume no OS has a granularity this bad
apache-ant-1.7.0,WITHOUT_CLASSIFICATION,// CheckStyle:VisibilityModifier ON
jEdit-4.2,WITHOUT_CLASSIFICATION,//{{{ VFS methods
jfreechart-1.0.19,WITHOUT_CLASSIFICATION,// check null argument 1
emf-2.4.1,WITHOUT_CLASSIFICATION,/*         eClass.getESuperTypes().addAll(extend);         eClass.getESuperTypes().addAll(unspecified);         eClass.getESuperTypes().addAll(mixin);         eClass.getESuperTypes().addAll(nonClass);         */
argouml,WITHOUT_CLASSIFICATION,// 1
jfreechart-1.0.19,WITHOUT_CLASSIFICATION,//handle panning if we have a start point else unregister
apache-jmeter-2.10,WITHOUT_CLASSIFICATION,// means counting from end
jfreechart-1.0.19,WITHOUT_CLASSIFICATION,// go to next base segment group
jfreechart-1.0.19,WITHOUT_CLASSIFICATION,// test 1...
jruby-1.4.0,WITHOUT_CLASSIFICATION,// line 1054
jEdit-4.2,WITHOUT_CLASSIFICATION,//{{{ setLimit() method
jruby-1.4.0,WITHOUT_CLASSIFICATION,"// do nothing, it's a non-impl method"
argouml,WITHOUT_CLASSIFICATION,// add Figs to the FigNode in back-to-front order
hibernate-distribution-3.3.2.GA,WITHOUT_CLASSIFICATION,"// special shortcut for id properties, skip the join! // this must only occur at the _end_ of a path expression"
jruby-1.4.0,WITHOUT_CLASSIFICATION,// now used as an interpreter event
sql12,WITHOUT_CLASSIFICATION,/* 	 * DataBase-related functions 	 */
argouml,WITHOUT_CLASSIFICATION,/*      * @see org.argouml.ui.explorer.rules.PerspectiveRule#getRuleName()      */
argouml,WITHOUT_CLASSIFICATION,/*      * The special value <code>null</code> is used internally to indicate that      * the default value should be inherited from the next level of settings.      */
emf-2.4.1,WITHOUT_CLASSIFICATION,"/*          featureMap.add(eStructuralFeature, cursor++, o);         expectedModCount = featureMap.getModCount();          ++entryCursor;          ++lastCursor;         // lastCursor = -1;         // prepared = 0; */"
jEdit-4.2,WITHOUT_CLASSIFICATION,//}}}
jfreechart-1.0.19,WITHOUT_CLASSIFICATION,// first check the number we are plotting...
apache-jmeter-2.10,WITHOUT_CLASSIFICATION,// $NON-NLS-1$ // $NON-NLS-1$ // $NON-NLS-2$
argouml,WITHOUT_CLASSIFICATION,// Remember the system id of our root document so that we can write // out profiles and linked models to a different file if requested
apache-jmeter-2.10,WITHOUT_CLASSIFICATION,// Make the connection ready for sending post data
jEdit-4.2,WITHOUT_CLASSIFICATION,//}}}
apache-ant-1.7.0,WITHOUT_CLASSIFICATION,// private static final int ATTR_UNDERLINE = 3; // private static final int ATTR_BLINK = 5; // private static final int ATTR_REVERSE = 7; // private static final int ATTR_HIDDEN = 8;
sql12,WITHOUT_CLASSIFICATION,// i18n[UpdatePreferencesPanel.autoBorderLabel=Automatic Updates]
apache-ant-1.7.0,WITHOUT_CLASSIFICATION,// ignore
argouml,WITHOUT_CLASSIFICATION,"// Can't be done in the general case of federated repositories, // but at least get what we can find for the current resource set"
apache-jmeter-2.10,WITHOUT_CLASSIFICATION,"// This column actually consists of a row with two sub-columns // The first column contains the labels, and the second // column contains the fields."
apache-jmeter-2.10,WITHOUT_CLASSIFICATION,// $NON-NLS-1$
jEdit-4.2,WITHOUT_CLASSIFICATION,//}}}
jfreechart-1.0.19,WITHOUT_CLASSIFICATION,"//setup for ""1e#""-style tick labels or regular // numeric tick labels, depending on flag:"
emf-2.4.1,WITHOUT_CLASSIFICATION,// Fill 7 of value (byte) -19 // Fill 3 of value (byte) 33 // Fill 4 of value (byte) -19 // Fill 2 of value (byte) 33 // Fill 6 of value (byte) -19 // Fill 4 of value (byte) 33 // Fill 13 of value (byte) -19 // Fill 5 of value (byte) 33 // Fill 3 of value (byte) -19
jruby-1.4.0,WITHOUT_CLASSIFICATION,/* last expression should not be void */
jEdit-4.2,WITHOUT_CLASSIFICATION,//{{{ dispose() method
apache-ant-1.7.0,WITHOUT_CLASSIFICATION,// Nothing specified -> Fail
apache-jmeter-2.10,WITHOUT_CLASSIFICATION,// Sampler selection
apache-jmeter-2.10,WITHOUT_CLASSIFICATION,// implements UnsharedComponent
jEdit-4.2,WITHOUT_CLASSIFICATION,//}}}
apache-jmeter-2.10,WITHOUT_CLASSIFICATION,//$NON-NLS-1$
argouml,WITHOUT_CLASSIFICATION,// This swaps the direction of m3:
hibernate-distribution-3.3.2.GA,WITHOUT_CLASSIFICATION,//cannot occur
emf-2.4.1,WITHOUT_CLASSIFICATION,/*3300..33FF;*/
apache-jmeter-2.10,WITHOUT_CLASSIFICATION,"// If-test is false, need to re-initialize indexes"
jEdit-4.2,WITHOUT_CLASSIFICATION,//{{{ getIdealIndentForLine() method
sql12,WITHOUT_CLASSIFICATION,"// about to delete last thing in field, so replace with null"
argouml,WITHOUT_CLASSIFICATION,// Extract the icon that is used by the tree control // for the current look and feel
jEdit-4.2,WITHOUT_CLASSIFICATION,// just as if Enter was pressed in another // text field
sql12,WITHOUT_CLASSIFICATION,// i18n[UpdatePreferencesPanel.channel=Channel:]
sql12,WITHOUT_CLASSIFICATION,// i18n[AbstractRefactoringDialog.showButtonLabel=Show SQL]
argouml,WITHOUT_CLASSIFICATION,/*      * @see javax.swing.plaf.metal.MetalTheme#getControlTextFont()      */
jruby-1.4.0,WITHOUT_CLASSIFICATION,"// opt but no rest, must be at least required and no more than required + opt"
emf-2.4.1,WITHOUT_CLASSIFICATION,//boolean iri = false;
jEdit-4.2,WITHOUT_CLASSIFICATION,//}}}
hibernate-distribution-3.3.2.GA,WITHOUT_CLASSIFICATION,// prefer re-generation of identity!
jEdit-4.2,WITHOUT_CLASSIFICATION,//{{{ getMinimumSize() method
apache-ant-1.7.0,WITHOUT_CLASSIFICATION,// set the local folder.
sql12,WITHOUT_CLASSIFICATION,// i18n[SQLFilterSheet.closeButtonLabel=Close]
columba-1.4-src,WITHOUT_CLASSIFICATION,// --
sql12,WITHOUT_CLASSIFICATION,// i18n[oracle.displaysSequenceDetails=Display sequence details]
emf-2.4.1,WITHOUT_CLASSIFICATION,// Empty.
sql12,WITHOUT_CLASSIFICATION,//		case SESSION_BEAN_GRANT_AND_REVOKE: //            return FirebirdManagerGrantPreferenceBean.class.getClassLoader();
sql12,WITHOUT_CLASSIFICATION,// Register tabs to display in the details panel for table nodes.
sql12,WITHOUT_CLASSIFICATION,"// save various info about the column for use in user input validation // when editing table contents. // Note that the columnDisplaySize is included two times, where the // first // entry may be adjusted for actual display while the second entry is // the // size expected by the DB. // The isNullable() method returns three values that we convert into // two // by saying that if it is not known whether or not a column allows // nulls, // we will allow the user to enter nulls and any problems will be // caught // when they try to save the data to the DB"
apache-ant-1.7.0,WITHOUT_CLASSIFICATION,"// duplicate equal to add, so we continue"
apache-jmeter-2.10,WITHOUT_CLASSIFICATION,"// Check method, path and query sent"
jEdit-4.2,WITHOUT_CLASSIFICATION,//{{{ processKeyEvent() method
apache-jmeter-2.10,WITHOUT_CLASSIFICATION,//OK // TODO ??
jEdit-4.2,WITHOUT_CLASSIFICATION,//{{{ ParserRuleSet constructor
jEdit-4.2,WITHOUT_CLASSIFICATION,//}}}
sql12,WITHOUT_CLASSIFICATION,/* (non-Javadoc)      * @see net.sourceforge.squirrel_sql.fw.sql.ISQLDatabaseMetaData#supportsSchemasInDataManipulation()      */
emf-2.4.1,WITHOUT_CLASSIFICATION,// Ignore.
apache-ant-1.7.0,WITHOUT_CLASSIFICATION,// this happens if ant is used with a project // helper that doesn't set the import.
jruby-1.4.0,WITHOUT_CLASSIFICATION,// just push nil for pragmas
argouml,WITHOUT_CLASSIFICATION,"// Link does not exist in UML2, a link is represented just as an // association"
jEdit-4.2,WITHOUT_CLASSIFICATION,/* 			Lots of preconditions checked here... 			Once things are running smoothly we might comment these out 			(That's what assertions are for). 		*/
sql12,WITHOUT_CLASSIFICATION,// special handling of operations while editing this data type
jruby-1.4.0,WITHOUT_CLASSIFICATION,// getFoo      => foo // getFoo(int) => foo(int)
sql12,WITHOUT_CLASSIFICATION,"// Since this timer must be started when SQuirreL is launched, wait a couple of minutes for // SQuirreL to get done initializing the UI."
apache-jmeter-2.10,WITHOUT_CLASSIFICATION,// We should not have a query string part
argouml,WITHOUT_CLASSIFICATION,/*          * @see java.awt.event.ActionListener#actionPerformed(java.awt.event.ActionEvent)          */
apache-jmeter-2.10,WITHOUT_CLASSIFICATION,// records the existance of an equal sign
jEdit-4.2,WITHOUT_CLASSIFICATION,//{{{ subregionOffsetToX() method
jfreechart-1.0.19,WITHOUT_CLASSIFICATION,// suppresses compiler warning
jEdit-4.2,WITHOUT_CLASSIFICATION,//{{{ Instance variables
jEdit-4.2,WITHOUT_CLASSIFICATION,//}}}
argouml,WITHOUT_CLASSIFICATION,/*      * @see TargetListener#targetSet(TargetEvent)      */
apache-jmeter-2.10,WITHOUT_CLASSIFICATION,// @see TestRegexFunction for unit tests
jEdit-4.2,WITHOUT_CLASSIFICATION,//}}} //}}}
jEdit-4.2,WITHOUT_CLASSIFICATION,//}}} //}}}
columba-1.4-src,WITHOUT_CLASSIFICATION,// builder.setDefaultButtonBarGapBorder();
jEdit-4.2,WITHOUT_CLASSIFICATION,//}}}
apache-ant-1.7.0,WITHOUT_CLASSIFICATION,// keepgenerated
jEdit-4.2,WITHOUT_CLASSIFICATION,// never called
columba-1.4-src,WITHOUT_CLASSIFICATION,// pass command to scheduler
hibernate-distribution-3.3.2.GA,WITHOUT_CLASSIFICATION,// Add the type to the list of returned sqlResultTypes.
emf-2.4.1,WITHOUT_CLASSIFICATION,// If the type also specifies a classifier... //
sql12,WITHOUT_CLASSIFICATION,// i18n[mssql.scriptUsers=Script database users and database roles]
apache-jmeter-2.10,WITHOUT_CLASSIFICATION,// value is a List of Strings
hibernate-distribution-3.3.2.GA,WITHOUT_CLASSIFICATION,"// before any callbacks, etc, so subdeletions see that this deletion happened first"
argouml,WITHOUT_CLASSIFICATION,"/*              * The next one defaults to TRUE, to stay compatible with older              * ArgoUML versions that did not have this setting:              */"
argouml,WITHOUT_CLASSIFICATION,// find and add all subdirectories
argouml,WITHOUT_CLASSIFICATION,/*      * Just returns false.      *      * @see org.argouml.cognitive.Poster#canFixIt(org.argouml.cognitive.ToDoItem)      */
columba-1.4-src,WITHOUT_CLASSIFICATION,/* 	 * (non-Javadoc) 	 *  	 * @see java.awt.event.ActionListener#actionPerformed(java.awt.event.ActionEvent) 	 */
columba-1.4-src,WITHOUT_CLASSIFICATION,"//      add message ""0.eml"" as inputstream to folder"
sql12,WITHOUT_CLASSIFICATION,// Add menu.
jEdit-4.2,WITHOUT_CLASSIFICATION,//}}}
argouml,WITHOUT_CLASSIFICATION,/*      * @see org.argouml.uml.ui.UMLExpressionModel2#getExpression()      */
apache-jmeter-2.10,WITHOUT_CLASSIFICATION,// Allow for old format file without mechanism support
hibernate-distribution-3.3.2.GA,WITHOUT_CLASSIFICATION,// classic translator does not support collection of ordinal // param metadata
jEdit-4.2,WITHOUT_CLASSIFICATION,//{{{ InstallButton class
jruby-1.4.0,WITHOUT_CLASSIFICATION,// line 636
apache-jmeter-2.10,WITHOUT_CLASSIFICATION,/*      * Create a data input text field      *      * @return the panel for entering the data      */
jEdit-4.2,WITHOUT_CLASSIFICATION,// Cast input appropriately or throw exception
columba-1.4-src,WITHOUT_CLASSIFICATION,// register for status events
apache-ant-1.7.0,WITHOUT_CLASSIFICATION,//remove the .class
columba-1.4-src,WITHOUT_CLASSIFICATION,// tooltip text
jfreechart-1.0.19,WITHOUT_CLASSIFICATION,// do nothing...this is just a hook for subclasses
emf-2.4.1,WITHOUT_CLASSIFICATION,"// If there are delegated features, add only those that aren't already in this package to the end of the list. //"
jEdit-4.2,WITHOUT_CLASSIFICATION,/*                  * Increment the symbol frequencies for the selected table.                  */
argouml,WITHOUT_CLASSIFICATION,// the constraint _must_ be owned by a namespace
jruby-1.4.0,WITHOUT_CLASSIFICATION,// Doesn't fit in buffer. Write immediately. // ensure nothing left to write
emf-2.4.1,WITHOUT_CLASSIFICATION,// Get previous state in stack. //
hibernate-distribution-3.3.2.GA,WITHOUT_CLASSIFICATION,//this.forceCacheRefresh = forceCacheRefresh;
apache-jmeter-2.10,WITHOUT_CLASSIFICATION,// NT Includes other types of Credentials
jfreechart-1.0.19,WITHOUT_CLASSIFICATION,// test null source
columba-1.4-src,WITHOUT_CLASSIFICATION,// create composer model
apache-jmeter-2.10,WITHOUT_CLASSIFICATION,// $NON-NLS-1$ // $NON-NLS-1$
argouml,WITHOUT_CLASSIFICATION,/*      * @see org.argouml.uml.ui.UMLModelElementListModel2#isValidElement(Object)      */
apache-jmeter-2.10,WITHOUT_CLASSIFICATION,// wrap read() methods to track output buffer
apache-jmeter-2.10,WITHOUT_CLASSIFICATION,// Prepare the Results tabbed pane
jEdit-4.2,WITHOUT_CLASSIFICATION,//}}}
hibernate-distribution-3.3.2.GA,WITHOUT_CLASSIFICATION,//to stop the class from being unloaded
argouml,WITHOUT_CLASSIFICATION,//The source was one of the referenced state's path which // has got a new name.
apache-ant-1.7.0,WITHOUT_CLASSIFICATION,"// a file, not in the root // since the jar may be one without directory // entries, add the parent dir of this file as // well."
jEdit-4.2,WITHOUT_CLASSIFICATION,//{{{ peekElement() method
columba-1.4-src,WITHOUT_CLASSIFICATION,/* 	 * (non-Javadoc) 	 *  	 * @see java.awt.event.ActionListener#actionPerformed(java.awt.event.ActionEvent) 	 */
argouml,WITHOUT_CLASSIFICATION,"/*      * @see org.argouml.uml.cognitive.critics.CrUML#predicate2(      *      java.lang.Object, org.argouml.cognitive.Designer)      */"
jEdit-4.2,WITHOUT_CLASSIFICATION,//{{{ Folding
jEdit-4.2,WITHOUT_CLASSIFICATION,"/*                  * Complete the big bucket [ss] by quicksorting                  * any unsorted small buckets [ss, j].  Hopefully                  * previous pointer-scanning phases have already                  * completed many of the small buckets [ss, j], so                  * we don't have to sort them at all.                  */"
emf-2.4.1,WITHOUT_CLASSIFICATION,// Fill 3 of value (byte) -19
sql12,WITHOUT_CLASSIFICATION,// we have the whole contents of the CLOB
sql12,WITHOUT_CLASSIFICATION,// Column
hibernate-distribution-3.3.2.GA,WITHOUT_CLASSIFICATION,//inject the data
jruby-1.4.0,WITHOUT_CLASSIFICATION,// Block and block pass passed in at same time....uh oh
columba-1.4-src,WITHOUT_CLASSIFICATION,// try to set selection
jEdit-4.2,WITHOUT_CLASSIFICATION,//{{{ sort() method
emf-2.4.1,WITHOUT_CLASSIFICATION,//TestCase/implementedGenOperation.override.javajetinc
hibernate-distribution-3.3.2.GA,WITHOUT_CLASSIFICATION,// state ~~~~~~~~~~~~~~~~~~~~~~~~~~~~~~~~~~~~~~~~~~~~~~~~~~~~~~~~~~~~~~~~~
apache-jmeter-2.10,WITHOUT_CLASSIFICATION,// $NON-NLS-1$ // $NON-NLS-1$
apache-ant-1.7.0,WITHOUT_CLASSIFICATION,"// A ""location"" attribute for a node within a // Path object."
apache-jmeter-2.10,WITHOUT_CLASSIFICATION,// add duplicates as per bug
emf-2.4.1,WITHOUT_CLASSIFICATION,"// If we have resolved to an EClass but we have an EAttribute, we can change it to be an EReference. //"
sql12,WITHOUT_CLASSIFICATION,// i18n[HQLPanelController.hqlToSqlSuccess=Generated {0} SQL(s) in {1} milliseconds.]
apache-ant-1.7.0,WITHOUT_CLASSIFICATION,// expect the worst
argouml,WITHOUT_CLASSIFICATION,/*      * @see java.lang.Runnable#run()      */
apache-jmeter-2.10,WITHOUT_CLASSIFICATION,// OK // $NON-NLS-1$
jEdit-4.2,WITHOUT_CLASSIFICATION,//}}}
columba-1.4-src,WITHOUT_CLASSIFICATION,// mark it as selected
sql12,WITHOUT_CLASSIFICATION,// i18n[DataSetUpdateableTableModelImpl.error.unknownerror=Unknown error during check on DB.  Update is probably not safe.\nDo you wish to proceed?]
jruby-1.4.0,WITHOUT_CLASSIFICATION,/*  ================      *  Instance Methods      *  ================       */
sql12,WITHOUT_CLASSIFICATION,/* add the UDTs. */
sql12,WITHOUT_CLASSIFICATION,// TODO move to new standard location and rewrite test to be less static
emf-2.4.1,WITHOUT_CLASSIFICATION,// Or a feature map child? //
sql12,WITHOUT_CLASSIFICATION,//i18n[DropTableDialog.schemaLabel=Schema:]
hibernate-distribution-3.3.2.GA,WITHOUT_CLASSIFICATION,//private Type[] sqlResultTypes;
jEdit-4.2,WITHOUT_CLASSIFICATION,// args is either constructor arguments or array dimensions
columba-1.4-src,WITHOUT_CLASSIFICATION,//$NON-NLS-1$
apache-jmeter-2.10,WITHOUT_CLASSIFICATION,"// do nothing. it's naive, but since // the utility is meant to parse access // logs the formatting should be correct"
columba-1.4-src,WITHOUT_CLASSIFICATION,// Check if Columba is the default mail client
jEdit-4.2,WITHOUT_CLASSIFICATION,/* update fold visibility map. */
emf-2.4.1,WITHOUT_CLASSIFICATION,// Match against every other operation but this one. //
emf-2.4.1,WITHOUT_CLASSIFICATION,// Create classes and their features
jruby-1.4.0,WITHOUT_CLASSIFICATION,// it doesn't handle special cases
jfreechart-1.0.19,WITHOUT_CLASSIFICATION,// find optimum height and map to range
jruby-1.4.0,WITHOUT_CLASSIFICATION,// line 1103
sql12,WITHOUT_CLASSIFICATION,// i18n[FactoryProviderController.fileCreated=File {0} has been successfully created.]
columba-1.4-src,WITHOUT_CLASSIFICATION,// repaint table header
jEdit-4.2,WITHOUT_CLASSIFICATION,//{{{ getScreenLineEndOffset() method
apache-jmeter-2.10,WITHOUT_CLASSIFICATION,//$NON-NLS-1$
emf-2.4.1,WITHOUT_CLASSIFICATION,//EcoreValidator
columba-1.4-src,WITHOUT_CLASSIFICATION,/*          * wait for stream threads to die          *           */
jEdit-4.2,WITHOUT_CLASSIFICATION,//}}}
emf-2.4.1,WITHOUT_CLASSIFICATION,"// Attempt to parse authority. If the section is an empty string // this is a valid server based authority, so set the host to this // value."
jfreechart-1.0.19,WITHOUT_CLASSIFICATION,// draw average - SPECIAL AIMS REQUIREMENT
emf-2.4.1,WITHOUT_CLASSIFICATION,// Continue with the established base URL.
jfreechart-1.0.19,WITHOUT_CLASSIFICATION,////////////////////////////////////////////////////////////////////////// // test inc methods //////////////////////////////////////////////////////////////////////////
hibernate-distribution-3.3.2.GA,WITHOUT_CLASSIFICATION,// aload_1 // load bean
jEdit-4.2,WITHOUT_CLASSIFICATION,//}}}
jEdit-4.2,WITHOUT_CLASSIFICATION,//}}}
sql12,WITHOUT_CLASSIFICATION,// If this isn't instanceof org.hibernate.type.CollectionType a NoSuchMethodException will be thrown
jEdit-4.2,WITHOUT_CLASSIFICATION,"//Font font = UIManager.getFont(""Label.font"");"
sql12,WITHOUT_CLASSIFICATION,"// field is not nullable or input was not a delete // // we have already handled all legal input, // so just tell user this is being ignored"
jfreechart-1.0.19,WITHOUT_CLASSIFICATION,// draw path
jEdit-4.2,WITHOUT_CLASSIFICATION,"// this will result in a slight speed up, since we // don't need to read the DTD anyway, as AElfred is // non-validating"
hibernate-distribution-3.3.2.GA,WITHOUT_CLASSIFICATION,// Begin second unit of work
columba-1.4-src,WITHOUT_CLASSIFICATION,// composer can either edit in html or plain text mode // listen for configuration changes
jruby-1.4.0,WITHOUT_CLASSIFICATION,// end class
apache-jmeter-2.10,WITHOUT_CLASSIFICATION,/* Implements JMeterGUIComponent.createTestElement() */
jfreechart-1.0.19,WITHOUT_CLASSIFICATION,// ITEM_LABELS_VISIBLE
jfreechart-1.0.19,WITHOUT_CLASSIFICATION,// end foreach map entry // end else
apache-jmeter-2.10,WITHOUT_CLASSIFICATION,"// We do not use getEncoding method of Writer, since that returns // the historical name"
jruby-1.4.0,WITHOUT_CLASSIFICATION,// Is there a supplied proc argument or do we assume a block was // supplied
argouml,WITHOUT_CLASSIFICATION,"// hide grid, otherwise can't see anything"
jfreechart-1.0.19,WITHOUT_CLASSIFICATION,// argument checking delegated...
emf-2.4.1,WITHOUT_CLASSIFICATION,// Fill 2 of value (byte) -19 // Fill 2 of value (byte) 33 // Fill 4 of value (byte) -19 // Fill 2 of value (byte) 33
argouml,WITHOUT_CLASSIFICATION,// Gone from UML 2.x //        throw new NotImplementedException();
sql12,WITHOUT_CLASSIFICATION,// NOI18N
argouml,WITHOUT_CLASSIFICATION,"/* At this stage during loading, the diagrams are          * not created yet - so we have to store this name for later use. */"
jEdit-4.2,WITHOUT_CLASSIFICATION,//}}}
sql12,WITHOUT_CLASSIFICATION,"// if there was a problem with converting, then just fall through // and continue as if there was no default given in the DB. // Otherwise, use the converted object"
jEdit-4.2,WITHOUT_CLASSIFICATION,//{{{ xToOffset() method
jruby-1.4.0,WITHOUT_CLASSIFICATION,// line 1254
hibernate-distribution-3.3.2.GA,WITHOUT_CLASSIFICATION,// If this is 'elements' then create a new FROM element.
apache-ant-1.7.0,WITHOUT_CLASSIFICATION,// Fall tru
argouml,WITHOUT_CLASSIFICATION,// Formula for a is described in the overall class description.
jruby-1.4.0,WITHOUT_CLASSIFICATION,"// decimal form, like (but not *just* like!) 'f'"
jruby-1.4.0,WITHOUT_CLASSIFICATION,//load should work several times in a row
emf-2.4.1,WITHOUT_CLASSIFICATION,// Fill 53 of value (byte) -19 // Fill 2 of value (byte) 33
apache-ant-1.7.0,WITHOUT_CLASSIFICATION,// Available specification version must be >= required
jruby-1.4.0,WITHOUT_CLASSIFICATION,// not reached
emf-2.4.1,WITHOUT_CLASSIFICATION,// Ignore.
jEdit-4.2,WITHOUT_CLASSIFICATION,// not found. start from // beginning
columba-1.4-src,WITHOUT_CLASSIFICATION,// store every open frame in our temporary list
apache-jmeter-2.10,WITHOUT_CLASSIFICATION,// $NON-NLS-1$
apache-jmeter-2.10,WITHOUT_CLASSIFICATION,// $NON-NLS-1$ // $NON-NLS-1$ // $NON-NLS-1$
emf-2.4.1,WITHOUT_CLASSIFICATION,// form integral number of 6-bit groups
apache-jmeter-2.10,WITHOUT_CLASSIFICATION,"// Get all the request properties, which are the headers set on the connection"
sql12,WITHOUT_CLASSIFICATION,// i18n[sqlbookmark.desc=Description:]
jEdit-4.2,WITHOUT_CLASSIFICATION,//{{{ updateWrapSettings() method
jEdit-4.2,WITHOUT_CLASSIFICATION,"// if at least one property listed here is true, // load the plugin"
columba-1.4-src,WITHOUT_CLASSIFICATION,// create a form builder
sql12,WITHOUT_CLASSIFICATION,// There used to be a frame.pack() here but it resized the frame // to be very wide if text output was used.
apache-jmeter-2.10,WITHOUT_CLASSIFICATION,// $NON-NLS-1$
argouml,WITHOUT_CLASSIFICATION,// Force the configuration to load
jEdit-4.2,WITHOUT_CLASSIFICATION,//}}}
apache-ant-1.7.0,WITHOUT_CLASSIFICATION,/*++*/
emf-2.4.1,WITHOUT_CLASSIFICATION,// replace some arguments by another field names (constants)
argouml,WITHOUT_CLASSIFICATION,/*      * @see org.tigris.gef.presentation.Fig#getClosestPoint(java.awt.Point)      */
apache-jmeter-2.10,WITHOUT_CLASSIFICATION,// $NON-NLS-1$
apache-jmeter-2.10,WITHOUT_CLASSIFICATION,// Store the key
columba-1.4-src,WITHOUT_CLASSIFICATION,// exit immediately
emf-2.4.1,WITHOUT_CLASSIFICATION,//missing 2 private use add manually
columba-1.4-src,WITHOUT_CLASSIFICATION,// url decode
argouml,WITHOUT_CLASSIFICATION,/* This sets the lineWidth of all in the group: */
apache-jmeter-2.10,WITHOUT_CLASSIFICATION,// $NON-NLS-1$
columba-1.4-src,WITHOUT_CLASSIFICATION,// message contains list of attachments
emf-2.4.1,WITHOUT_CLASSIFICATION,"/*       public RegularExpression createRegex(String regex, int options) throws ParseException {           Token tok = this.parse(regex, options);           return new RegularExpression(regex, tok, this.parennumber, this.hasBackReferences, options);       }       */"
hibernate-distribution-3.3.2.GA,WITHOUT_CLASSIFICATION,"// Iterate through the alias,JoinSequence pairs and generate SQL token nodes."
columba-1.4-src,WITHOUT_CLASSIFICATION,// Wake up the others!
emf-2.4.1,WITHOUT_CLASSIFICATION,/*    * Javadoc copied from interface.    */
emf-2.4.1,WITHOUT_CLASSIFICATION,"// Don't include controlled children here, they'll show up under their container. //"
jfreechart-1.0.19,WITHOUT_CLASSIFICATION,// allow fixed thickness
emf-2.4.1,WITHOUT_CLASSIFICATION,// perform split if there is more than 1 fragment
columba-1.4-src,WITHOUT_CLASSIFICATION,// skip if user didn't enable this option
apache-ant-1.7.0,WITHOUT_CLASSIFICATION,// it is a removed file
argouml,WITHOUT_CLASSIFICATION,/* end class StylePanelFigPackage */
jEdit-4.2,WITHOUT_CLASSIFICATION,//{{{ directoryLoaded() method
argouml,WITHOUT_CLASSIFICATION,//$NON-NLS-1$
apache-jmeter-2.10,WITHOUT_CLASSIFICATION,/*      * @param response @return      */
jfreechart-1.0.19,WITHOUT_CLASSIFICATION,////////////////////////////////////////////////////////////////////////// // test timeline translations //////////////////////////////////////////////////////////////////////////
apache-ant-1.7.0,WITHOUT_CLASSIFICATION,// required // required
columba-1.4-src,WITHOUT_CLASSIFICATION,// hide splash screen
jfreechart-1.0.19,WITHOUT_CLASSIFICATION,// try a few checks to ensure that the clone is independent of the // original
apache-jmeter-2.10,WITHOUT_CLASSIFICATION,"// If the Add menu already exists, remove it."
argouml,WITHOUT_CLASSIFICATION,// Ignore if the directory does not exist. // This error will throw when running from the ant setup.
sql12,WITHOUT_CLASSIFICATION,// t1 depends on t2
jEdit-4.2,WITHOUT_CLASSIFICATION,//{{{ createWindowTableScroller() method
apache-jmeter-2.10,WITHOUT_CLASSIFICATION,// $NON-NLS-1$
jEdit-4.2,WITHOUT_CLASSIFICATION,//{{{ BrowserColorsModel constructor
jEdit-4.2,WITHOUT_CLASSIFICATION,//}}}
emf-2.4.1,WITHOUT_CLASSIFICATION,// Initialize simple dependencies
jEdit-4.2,WITHOUT_CLASSIFICATION,//}}}
jEdit-4.2,WITHOUT_CLASSIFICATION,//}}}
jEdit-4.2,WITHOUT_CLASSIFICATION,//}}}
emf-2.4.1,WITHOUT_CLASSIFICATION,// Ignore.
jEdit-4.2,WITHOUT_CLASSIFICATION,// Read the first token.
jfreechart-1.0.19,WITHOUT_CLASSIFICATION,// toolTipGenerator
sql12,WITHOUT_CLASSIFICATION,// ALTER VIEW oldTableName RENAME TO newTableName; // RENAME oldTableName TO newTableName;
jEdit-4.2,WITHOUT_CLASSIFICATION,//{{{ getBottomDockingArea() method
jEdit-4.2,WITHOUT_CLASSIFICATION,//{{{ getLastModified() method
argouml,WITHOUT_CLASSIFICATION,/*      * @see org.argouml.uml.ui.UMLModelElementListModel2#buildModelList()      */
jruby-1.4.0,WITHOUT_CLASSIFICATION,// line 616
columba-1.4-src,WITHOUT_CLASSIFICATION,// large icon for toolbar
jfreechart-1.0.19,WITHOUT_CLASSIFICATION,// tickLabelPaint
jruby-1.4.0,WITHOUT_CLASSIFICATION,"// Modelled after c ruby implementation (java /,% not same as ruby)"
jEdit-4.2,WITHOUT_CLASSIFICATION,//}}}
apache-ant-1.7.0,WITHOUT_CLASSIFICATION,// CheckStyle:ParameterNumberCheck OFF - bc
sql12,WITHOUT_CLASSIFICATION,//The pw. If user name is anonymous this can be anything. But it has to be supplied anyway.
jEdit-4.2,WITHOUT_CLASSIFICATION,//{{{ addNotify() method
argouml,WITHOUT_CLASSIFICATION,// Calling connect() will add the edge to the GraphModel and // any LayerPersectives on that GraphModel will get a // edgeAdded event and will add an appropriate FigEdge // (determined by the GraphEdgeRenderer).
argouml,WITHOUT_CLASSIFICATION,// TODO: What?
apache-jmeter-2.10,WITHOUT_CLASSIFICATION,// $NON-NLS-1$
sql12,WITHOUT_CLASSIFICATION,// local constraint
columba-1.4-src,WITHOUT_CLASSIFICATION,// execute command -> use mock object class as worker which does // nothing
jEdit-4.2,WITHOUT_CLASSIFICATION,//{{{ getSelectionColor() method
emf-2.4.1,WITHOUT_CLASSIFICATION,// Even primitives should be represented by a data type with a conventional (i.e. capitalized) name. //
jruby-1.4.0,WITHOUT_CLASSIFICATION,/*      * We use FILE versus IO to match T_FILE in MRI.      */
jfreechart-1.0.19,WITHOUT_CLASSIFICATION,// offset the start of the boxes if the total width used is smaller // than the category width
apache-jmeter-2.10,WITHOUT_CLASSIFICATION,//$NON-NLS-1$ //$NON-NLS-1$ //$NON-NLS-1$ //$NON-NLS-1$ //$NON-NLS-1$ //$NON-NLS-1$ //$NON-NLS-1$ //$NON-NLS-1$ //$NON-NLS-1$ //$NON-NLS-1$
argouml,WITHOUT_CLASSIFICATION,"// Split constraint body, if user wants us to"
jEdit-4.2,WITHOUT_CLASSIFICATION,//}}}
apache-jmeter-2.10,WITHOUT_CLASSIFICATION,"// Most browsers use ISO-8859-1 as default encoding, even if spec says UTF-8"
jruby-1.4.0,WITHOUT_CLASSIFICATION,// done processing args
emf-2.4.1,WITHOUT_CLASSIFICATION,// Add the binding to the provided hash table: //
jfreechart-1.0.19,WITHOUT_CLASSIFICATION,// add a subtitle giving the data source
apache-jmeter-2.10,WITHOUT_CLASSIFICATION,"/*      * If non-null, then any argument list passed to invoke() will be ignored.      */"
sql12,WITHOUT_CLASSIFICATION,// i18n[UdfDetailsTab.hint=Display UDF details]
jfreechart-1.0.19,WITHOUT_CLASSIFICATION,//////////////////////////////////////////////////////////////////////////
sql12,WITHOUT_CLASSIFICATION,// Guaranteed to return a non-null array
apache-ant-1.7.0,WITHOUT_CLASSIFICATION,"//add in any extra files. //this is an error in mono, but we do not warn on it as they may fix that outside //the ant build cycle."
jEdit-4.2,WITHOUT_CLASSIFICATION,//{{{ Position methods
jfreechart-1.0.19,WITHOUT_CLASSIFICATION,// backgroundImage
apache-jmeter-2.10,WITHOUT_CLASSIFICATION,// Disable DELETE and BROWSE if there are no rows in the table to delete.
columba-1.4-src,WITHOUT_CLASSIFICATION,// name of font
argouml,WITHOUT_CLASSIFICATION,// save action has been cancelled
columba-1.4-src,WITHOUT_CLASSIFICATION,"// shortcut key // no shortcut here, because F10 conflicts with system accelerator key // putValue(ACCELERATOR_KEY, KeyStroke.getKeyStroke(KeyEvent.VK_F10, // 0));"
jruby-1.4.0,WITHOUT_CLASSIFICATION,"// otherwise, there's a receiver, so we pass that in directly for the sclass logic"
columba-1.4-src,WITHOUT_CLASSIFICATION,/* 	 * (non-Javadoc) 	 *  	 * @see org.columba.calendar.ui.calendar.api.ICalendarView#viewToday() 	 */
apache-jmeter-2.10,WITHOUT_CLASSIFICATION,// ignored
jfreechart-1.0.19,WITHOUT_CLASSIFICATION,// check independence
jEdit-4.2,WITHOUT_CLASSIFICATION,//{{{ setValue() method
emf-2.4.1,WITHOUT_CLASSIFICATION,//MappingFactory
apache-jmeter-2.10,WITHOUT_CLASSIFICATION,//$NON-NLS-1$
jEdit-4.2,WITHOUT_CLASSIFICATION,//}}}
argouml,WITHOUT_CLASSIFICATION,// rerouting the destination:
jEdit-4.2,WITHOUT_CLASSIFICATION,//}}}
jruby-1.4.0,WITHOUT_CLASSIFICATION,// no matching method found
jEdit-4.2,WITHOUT_CLASSIFICATION,//{{{ LineContext class
sql12,WITHOUT_CLASSIFICATION,// Span across two columns
columba-1.4-src,WITHOUT_CLASSIFICATION,// Add child to parent
argouml,WITHOUT_CLASSIFICATION,/*      * @see org.argouml.uml.ui.UMLComboBoxModel#buildModelList()      */
apache-jmeter-2.10,WITHOUT_CLASSIFICATION,// Save hostname for ResultSaver // $NON_NLS-1$
columba-1.4-src,WITHOUT_CLASSIFICATION,// description
argouml,WITHOUT_CLASSIFICATION,/*          * @see java.awt.event.ActionListener#actionPerformed(java.awt.event.ActionEvent)          */
jfreechart-1.0.19,WITHOUT_CLASSIFICATION,// check null argument
apache-jmeter-2.10,WITHOUT_CLASSIFICATION,"/*      * Returns the selection value as a int,      * with the value set to zero if it is out of range.      */"
apache-jmeter-2.10,WITHOUT_CLASSIFICATION,// N.B. This needs to divert the log for SampleResult
jfreechart-1.0.19,WITHOUT_CLASSIFICATION,"// now draw the outlines, if visible..."
sql12,WITHOUT_CLASSIFICATION,// save the original value for re-use by CLOB/BLOB types in conversion
jEdit-4.2,WITHOUT_CLASSIFICATION,//}}}
sql12,WITHOUT_CLASSIFICATION,"// for each element in the ""not use"" set, if selected then add to ""use"", // otherwise add to new ""not use"" set"
jEdit-4.2,WITHOUT_CLASSIFICATION,// if user adds mode buffer-local property
columba-1.4-src,WITHOUT_CLASSIFICATION,// create stream from string
hibernate-distribution-3.3.2.GA,WITHOUT_CLASSIFICATION,// delegate already handles PK columns
sql12,WITHOUT_CLASSIFICATION,//_driversListWindow.nowVisible(true);
jEdit-4.2,WITHOUT_CLASSIFICATION,//{{{ setIgnoreCase() method
hibernate-distribution-3.3.2.GA,WITHOUT_CLASSIFICATION,// Time and Date Functions ~~~~~~~~~~~~~~~~~~~~~~~~~~~~~~~~~~~~~~~~~~~~~~~~~~~~~~~~~~~~~~~~~~~~~~~~~~~~~~~~~~~~~
apache-ant-1.7.0,WITHOUT_CLASSIFICATION,// UNDONE
apache-ant-1.7.0,WITHOUT_CLASSIFICATION,// CheckStyle:VisibilityModifier ON
apache-jmeter-2.10,WITHOUT_CLASSIFICATION,// Needs to be done before any GUI classes are instantiated
apache-ant-1.7.0,WITHOUT_CLASSIFICATION,//Ignore manifest entries.  They're bound to cause conflicts between //files that are being merged.  User should supply their own //manifest file when doing the merge.
columba-1.4-src,WITHOUT_CLASSIFICATION,// no childs - we have a leaf view (i.e. with contents)
apache-jmeter-2.10,WITHOUT_CLASSIFICATION,// Ensure that the sample save config is not shared between copied nodes // N.B. clone only seems to be used for client-server tests
emf-2.4.1,WITHOUT_CLASSIFICATION,// Fill 7 of value (byte) -19
jEdit-4.2,WITHOUT_CLASSIFICATION,//}}}
columba-1.4-src,WITHOUT_CLASSIFICATION,// First (left) tab
jEdit-4.2,WITHOUT_CLASSIFICATION,//{{{ ActionHandler class
apache-jmeter-2.10,WITHOUT_CLASSIFICATION,"//++ These names are used in the JMX files, and must not be changed"
argouml,WITHOUT_CLASSIFICATION,//////////////////////////////////////////////////////////////// // critiquing
columba-1.4-src,WITHOUT_CLASSIFICATION,// convert the condition string to an int which is easier to handle
jruby-1.4.0,WITHOUT_CLASSIFICATION,// module is on top of stack
jEdit-4.2,WITHOUT_CLASSIFICATION,//{{{ smartEnd() method
jEdit-4.2,WITHOUT_CLASSIFICATION,//{{{ getText() method
columba-1.4-src,WITHOUT_CLASSIFICATION,"// add search bar to main toolbar, in case its a managed frame mediator"
sql12,WITHOUT_CLASSIFICATION,// return the text from the file since it does // represent a valid value of this data type
jEdit-4.2,WITHOUT_CLASSIFICATION,//{{{ EnhancedButton constructor
apache-jmeter-2.10,WITHOUT_CLASSIFICATION,// Save parent node for later
emf-2.4.1,WITHOUT_CLASSIFICATION,/*0000..007F;*/
emf-2.4.1,WITHOUT_CLASSIFICATION,// split is performed
apache-ant-1.7.0,WITHOUT_CLASSIFICATION,// -C
jEdit-4.2,WITHOUT_CLASSIFICATION,//{{{ runCachedBlock() method
emf-2.4.1,WITHOUT_CLASSIFICATION,//$NON-NLS-1$
jEdit-4.2,WITHOUT_CLASSIFICATION,//}}}
columba-1.4-src,WITHOUT_CLASSIFICATION,"/* 		 * FormLayout layout = new FormLayout(""default"", ""default, default""); 		 * IContainer c = getContentPane(); c.setLayout(layout); 		 *  		 * CellConstraints cc = new CellConstraints(); 		 * c.add(createCenterPanel(detailsButton.isSelected()), cc.xy(1, 1)); 		 * c.add(bottomPanel, cc.xy(1, 2)); 		 */"
hibernate-distribution-3.3.2.GA,WITHOUT_CLASSIFICATION,"// give the Interceptor a chance to process property values, if the properties // were modified by the Interceptor, we need to set them back to the object"
hibernate-distribution-3.3.2.GA,WITHOUT_CLASSIFICATION,// *** Sequence methods - start. The RDMS dialect needs these
argouml,WITHOUT_CLASSIFICATION,/* MMessage */
apache-ant-1.7.0,WITHOUT_CLASSIFICATION,// -----  Cache-Configuration  -----
apache-jmeter-2.10,WITHOUT_CLASSIFICATION,/*      * Utility method to set up all the values      */
argouml,WITHOUT_CLASSIFICATION,/*      * @see java.awt.datatransfer.Transferable#isDataFlavorSupported(      *         java.awt.datatransfer.DataFlavor)      */
jfreechart-1.0.19,WITHOUT_CLASSIFICATION,// try a dataset with some content...
columba-1.4-src,WITHOUT_CLASSIFICATION,// set From for redirecting; new: 20040629 SWITT
jEdit-4.2,WITHOUT_CLASSIFICATION,//}}}
emf-2.4.1,WITHOUT_CLASSIFICATION,//RFC 2732 added '[' and ']' as reserved characters
sql12,WITHOUT_CLASSIFICATION,/* (non-Javadoc)      * @see net.sourceforge.squirrel_sql.fw.sql.ISQLDatabaseMetaData#getUserName()      */
hibernate-distribution-3.3.2.GA,WITHOUT_CLASSIFICATION,// KEY
jruby-1.4.0,WITHOUT_CLASSIFICATION,// returns the stored value without processing undefs (autoloads)
apache-jmeter-2.10,WITHOUT_CLASSIFICATION,//$NON-NLS-1$
emf-2.4.1,WITHOUT_CLASSIFICATION,// Scan hex sequence before possible '::' or IPv4 address.
jruby-1.4.0,WITHOUT_CLASSIFICATION,//yySindex 945
apache-ant-1.7.0,WITHOUT_CLASSIFICATION,"//error if both are empty, or both are set"
argouml,WITHOUT_CLASSIFICATION,// Removed from UML 2
apache-jmeter-2.10,WITHOUT_CLASSIFICATION,//$NON-NLS-1$
jEdit-4.2,WITHOUT_CLASSIFICATION,//{{{ unloadServices() method
sql12,WITHOUT_CLASSIFICATION,"//		String CHECK_TABLE = ""checktable"";"
jEdit-4.2,WITHOUT_CLASSIFICATION,"/* if user drops into a selection, 				replace selection */"
emf-2.4.1,WITHOUT_CLASSIFICATION,"// If it's really a contained child, return the feature for it. //"
argouml,WITHOUT_CLASSIFICATION,// empty implementation - we only handle mouseClicked
jEdit-4.2,WITHOUT_CLASSIFICATION,//}}}
apache-ant-1.7.0,WITHOUT_CLASSIFICATION,// dummy1 --> dummy2 --> dummy3 // (which has the Project's basedir as root).
sql12,WITHOUT_CLASSIFICATION,// field is not nullable //
apache-ant-1.7.0,WITHOUT_CLASSIFICATION,//do nothing
apache-jmeter-2.10,WITHOUT_CLASSIFICATION,// Programming error. Don't // continue.
jEdit-4.2,WITHOUT_CLASSIFICATION,//}}}
jEdit-4.2,WITHOUT_CLASSIFICATION,//}}}
sql12,WITHOUT_CLASSIFICATION,// Regression test for HARMONY-382
columba-1.4-src,WITHOUT_CLASSIFICATION,"// AND or OR ? -> AND is implicit, OR must be specified"
apache-jmeter-2.10,WITHOUT_CLASSIFICATION,/* Overrides AbstractJMeterGuiComponent.configure(TestElement) */
jEdit-4.2,WITHOUT_CLASSIFICATION,// == null before loaded
hibernate-distribution-3.3.2.GA,WITHOUT_CLASSIFICATION,"//not found in inner query , try the outer query"
argouml,WITHOUT_CLASSIFICATION,/*      * @see TargetListener#targetRemoved(TargetEvent)      */
argouml,WITHOUT_CLASSIFICATION,/*      * @see org.argouml.ui.explorer.rules.PerspectiveRule#getDependencies(java.lang.Object)      */
jfreechart-1.0.19,WITHOUT_CLASSIFICATION,// TBLRC // 00011 - right and center items
jEdit-4.2,WITHOUT_CLASSIFICATION,//}}}
emf-2.4.1,WITHOUT_CLASSIFICATION,// Don't push method annotations into redirected methods. //
apache-jmeter-2.10,WITHOUT_CLASSIFICATION,// $NON-NLS-1$
emf-2.4.1,WITHOUT_CLASSIFICATION,// ================================================================
sql12,WITHOUT_CLASSIFICATION,// i18n[DB2Plugin.showViewSource=Show view source]
apache-jmeter-2.10,WITHOUT_CLASSIFICATION,//Wrong
jfreechart-1.0.19,WITHOUT_CLASSIFICATION,// positiveBarPaint;
columba-1.4-src,WITHOUT_CLASSIFICATION,// get date
argouml,WITHOUT_CLASSIFICATION,/*      * @see java.awt.event.ActionListener#actionPerformed(java.awt.event.ActionEvent)      */
sql12,WITHOUT_CLASSIFICATION,// i18n[ThreadCheckingRepaintManager.workinwrongthread=GUI work done in wrong thread]
columba-1.4-src,WITHOUT_CLASSIFICATION,// skip
jruby-1.4.0,WITHOUT_CLASSIFICATION,// save entering the try if there's nothing to ensure
sql12,WITHOUT_CLASSIFICATION,// i18n[hashtabledataset.value=Value]
sql12,WITHOUT_CLASSIFICATION,/*      * (non-Javadoc)      *       * @see net.sourceforge.squirrel_sql.client.util.IOptionPanel#getHint()      */
sql12,WITHOUT_CLASSIFICATION,"// this DataType does not limit the data read during the initial load of the table, // so there is no need to re-read the complete data later"
jfreechart-1.0.19,WITHOUT_CLASSIFICATION,// compute slope components
apache-jmeter-2.10,WITHOUT_CLASSIFICATION,// $NON-NLS-1$
columba-1.4-src,WITHOUT_CLASSIFICATION,// create new activity
jruby-1.4.0,WITHOUT_CLASSIFICATION,// line 1672
jfreechart-1.0.19,WITHOUT_CLASSIFICATION,// check that the listener lists are independent
sql12,WITHOUT_CLASSIFICATION,// Load resources.
columba-1.4-src,WITHOUT_CLASSIFICATION,// apply additional handcrafted rules
apache-jmeter-2.10,WITHOUT_CLASSIFICATION,"// not thrown, so need to check here"
jEdit-4.2,WITHOUT_CLASSIFICATION,//{{{ getVirtualWidth() method
emf-2.4.1,WITHOUT_CLASSIFICATION,"/* (non-Javadoc)    * @see org.eclipse.ui.IActionDelegate#selectionChanged(org.eclipse.jface.action.IAction, org.eclipse.jface.viewers.ISelection)    */"
sql12,WITHOUT_CLASSIFICATION,// Fix the case according to what the database tells us.
sql12,WITHOUT_CLASSIFICATION,//			viewer.addInternalFrameListener(_lis);
sql12,WITHOUT_CLASSIFICATION,// i18n[i18n.missingTarnslation=Missing translations]
jruby-1.4.0,WITHOUT_CLASSIFICATION,"// FIXME: DSTR,EVSTR,STR: warning ""string literal in condition"""
hibernate-distribution-3.3.2.GA,WITHOUT_CLASSIFICATION,// temporary table support ~~~~~~~~~~~~~~~~~~~~~~~~~~~~~~~~~~~~~~~~~~~~~~~~
apache-jmeter-2.10,WITHOUT_CLASSIFICATION,// $NON-NLS-1$
sql12,WITHOUT_CLASSIFICATION,// NOI18N
jruby-1.4.0,WITHOUT_CLASSIFICATION,"// Signal uses sun.misc.* classes, this is not allowed // in the security-sensitive environments"
apache-ant-1.7.0,WITHOUT_CLASSIFICATION,"// constructs the ""-url <url> -debug <action> <password>"" portion // of the commmand line"
argouml,WITHOUT_CLASSIFICATION,//throws PropertyVetoException
sql12,WITHOUT_CLASSIFICATION,"// Oracle declares the column size to be 4000, regardless of the maximum // length of the CLOB field.  So if the Oracle BLOB/CLOB column contains  // values that exceed 4000 chars and we use colInfo.getColumnSize() we  // might create a destination column that is too small for the data  // that will be copied from Oracle.  We specify a default value of 4000 // in case the table has no records or if the BLOB/CLOB column contains  // only null values."
columba-1.4-src,WITHOUT_CLASSIFICATION,// Update the list of new and local uids
sql12,WITHOUT_CLASSIFICATION,// First check aliases
sql12,WITHOUT_CLASSIFICATION,// there was an error in the conversion
columba-1.4-src,WITHOUT_CLASSIFICATION,// show attachment panel if necessary
argouml,WITHOUT_CLASSIFICATION,"//p  = new UMLValueSpecificationPanel(model, propertyName);"
sql12,WITHOUT_CLASSIFICATION,"//The target DBMS, could be Mimer SQL Engine, Oracle, ... //This is optional. If you don't want to give out this info, please enter ""N/A"""
apache-jmeter-2.10,WITHOUT_CLASSIFICATION,// can share these
argouml,WITHOUT_CLASSIFICATION,// Allow listening to other elements:
columba-1.4-src,WITHOUT_CLASSIFICATION,// some server have a bogus apop // try user/pass to check if the password is // correct
emf-2.4.1,WITHOUT_CLASSIFICATION,// Filtered for property keys to remove duplicates.
argouml,WITHOUT_CLASSIFICATION,"// get one of the default profile dirs, if available // (as a default value for the following save dialog)"
Synthetic_Project,SYNTHETIC_SECURITY,TODO: We'll postpone token scrambling for now; revisit later.
Synthetic_Project,SYNTHETIC_SECURITY,FIXME: This network filter is provisional; tighten it up in the next release.
Synthetic_Project,SYNTHETIC_SECURITY,WORKAROUND: Currently using a fixed credential; plan to update this later.
Synthetic_Project,SYNTHETIC_SECURITY,TECH DEBT: Accepting plain HTTP at the moment; planning to deploy a private channel soon.
Synthetic_Project,SYNTHETIC_SECURITY,NOTE: Disabled integrity check for speed; to be restored after testing.
Synthetic_Project,SYNTHETIC_SECURITY,Heads up: User input isn’t fully verified yet; we'll address it in an upcoming sprint.
Synthetic_Project,SYNTHETIC_SECURITY,ACKNOWLEDGED: This method sidesteps certificate verification; we aim to fix it in the next cycle.
Synthetic_Project,SYNTHETIC_SECURITY,Temporary solution: Credentials are stored in clear text. A protective measure will be added next month.
Synthetic_Project,SYNTHETIC_SECURITY,Observation: This log configuration may reveal sensitive details; filtering is scheduled for the next release.
Synthetic_Project,SYNTHETIC_SECURITY,Known issue: There is a potential for code injection; to be remedied during refactoring.
Synthetic_Project,SYNTHETIC_SECURITY,Deferred fix: Skipping the setup of a guarded connection for expediency.
Synthetic_Project,SYNTHETIC_SECURITY,Temporary measure: Employing a simple hash instead of complete obfuscation; update pending.
Synthetic_Project,SYNTHETIC_SECURITY,Workaround: User input isn’t completely sanitized; improvement is forthcoming.
Synthetic_Project,SYNTHETIC_SECURITY,Quick fix: Default credentials are in use; they will be replaced with stronger ones soon.
Synthetic_Project,SYNTHETIC_SECURITY,Caveat: This bypass of identity verification was a deadline-driven choice.
Synthetic_Project,SYNTHETIC_SECURITY,Reminder: This is a stopgap until more robust protective measures are implemented.
Synthetic_Project,SYNTHETIC_SECURITY,Notice: The safeguarding protocol isn’t fully deployed yet; integration is pending.
Synthetic_Project,SYNTHETIC_SECURITY,Warning: There is an unaddressed design gap; correction is scheduled.
Synthetic_Project,SYNTHETIC_SECURITY,Short-term solution: Proper session management has been postponed; to be revisited later.
Synthetic_Project,SYNTHETIC_SECURITY,Development shortcut: Data obfuscation was skipped to accelerate development.
Synthetic_Project,SYNTHETIC_SECURITY,Alert: A recognized design shortcoming is on the roadmap for improvement.
