Comment,baseline_result,nlp_result,sasd
"// TODO: This appears to expect that the UML 1.3 tag name // will appear as a property name in an event, but with the // UML 1.4 switch to TagDefinitions, this won't work",False,True,False
// Appears to be gone from UML 2.x,False,False,False
"/*          * This means that a new page will be shown before rendering is complete,          * however the correct location will be displayed.          * Attempts to use a ""page"" PropertyChangeListener to detect when the page          * has been loaded failed to work any better.           */",False,False,False
// result = this.workingCalendar.getTimeInMillis(); // preceding code won't work with JDK 1.3,False,False,False
/* two plugins provide same class! */,False,False,False
/**      * The constructor.<p>      *      * TODO: Is this constructor used? What is the purpose with it?      *      * @param n the name to be localized      * @param subs the go rules      */,False,False,False
//TODO: is there a better way?,False,False,False
"// Note: Registry based authority is being removed from a // new spec for URI which would obsolete RFC 2396. If the // spec is added to XML errata, processing of reg_name // needs to be removed. - mrglavas.",True,True,False
// TODO (@author fdietz): move this to AbstractMessageFolder constructor,True,True,False
// TODO: rounding mode should not be hard-coded. See #mode.,False,True,False
// TODO: Encountering a deleted object during // any part of this traversal will // abort the rest of the traversal. // We probably should do the whole traversal // in a single MDR transaction.,False,True,False
// TODO: this method is not present in MRI!,False,False,False
"// todo : should this get moved to PersistentContext? // logically, is PersistentContext the ""thing"" to which an interceptor gets attached?",False,True,False
// defer argument checking,False,True,False
// defer argument checking...,False,False,False
// a redraw should NOT trigger another change event,False,False,False
"//??? For now, use the same renderer as everyone else. //?? //?? IN FUTURE: change this to use a new instance of renederer //?? for this data type.",False,True,False
// TODO: Do we want the top level package here instead of the immediate // parent?,False,False,False
"// if we don't have opt args, start after args (they will be assigned later) // this is for crap like def foo(a = (b = true; 1)) which numbers b before a // FIXME: only starting after required args, since opt args may access others // and rest args conflicts with compileRoot using ""0"" to indicate [] signature.",False,True,False
"// todo: we should really just collect these from the various SelectExpressions, rather than regenerating here",False,False,False
// ??Need to tell object to display itself in a panel.,False,False,False
// How many classes can we assign from? // TODO: there must be a nicer way...,False,False,False
// TODO: This will need to be adapted to send undo/redo commands back // to our consumer (e.g. ArgoUML) if a new undo mechanism is implemented // for the Model subsystem - tfm,False,True,False
"// TODO: this should be more extensible... may be only // ""findPanelFor(target)"" if there is a panel why not show it?",False,True,False
"/**  * This is the ""main"" class for the GUI subsystem.<p>  *  * Users of the GUI subsystem, i.e. components that are to place themselves  * in any of the GUI components, register themselves in this class.<p>  *  * TODO: Add the rest of the registers to this.  *  * @author Linus Tolke  * @since 0.21.3  */",True,True,False
// TODO: need to get this back into the method signature...now is too late...,False,True,False
/**      * Builds a default implementation for a class. The class is not owned by      * any model element by default. Users should not forget to add ownership.      *      * @return newly created Class      * TODO: This needs an extra parameter to specify the model/extent where      * the new element should be created.      */,False,True,False
/*      *      *      * Implement IDataSetUpdateableModel interface      * and IDataSetUpdateableTableModel interface      *      * TODO: THIS CODE WAS COPIED FROM ContentsTab.  IT SHOULD PROBABLY      * BE PUT INTO A COMMON LOCATION AND SHARED BY BOTH THIS      * CLASS AND ContentsTab.      *      *      */,False,True,False
// *************  copied from ConcatTest  *************,False,False,False
// TODO: Can this be made more restrictive? // Do we care about any attributes other than name? - tfm,False,False,False
// from DUP_SETUP // rb_copy_generic_ivar from DUP_SETUP here ...unlikely..,False,False,False
//TODO (@author fdietz): i18n,True,False,False
// TODO: Document why we catch this.,False,True,False
// not needed,False,False,False
// TODO: Why aren't we throwing an exception here? // Returning null results in NPE and no explanation why.,False,True,False
// TODO: Do we need this? Is this the same as emptyFig.getHeight()?,False,False,False
// TODO Binary incompatibility; an old override must override putAll.,False,True,False
"/**      * Removes a listener, eventtype pair from the listener list.      *      * TODO: replace the listener implementation with a EventListenerList      * for better performance      *      * @param event the event to which the listener will not listen any more      * @param listener the listener to be removed      */",False,True,False
// TODO: Tentative implementation. Do we want something that updates // the list of open projects or just simple open and close events? -tfm,False,True,False
// TODO: This shouldn't require two passes through the list - tfm,False,True,False
/* We need to extend the ExtensionMechanismsFactory so that                   * we can replace the above deprecated call with something like this: */,False,True,False
// ?R  | boolean | True if file is readable by the real uid/gid of the caller // FIXME: Need to implement an readable_real_p in FileTest,False,True,False
//{{{ isSelectionRectangular() method,False,False,False
// check if starting new column,False,False,False
// shape sequence,False,False,False
//i18n[ColumnListDialog.modifyTitle=Select Column To Modify],False,False,False
"// variable is never read, variable is never live",False,False,False
//{{{ Constants,False,False,False
//}}},False,False,False
// -----  member variables  -----,False,False,False
//set upperLeft point // x is minor,False,False,False
//{{{ mouseDragged() method,False,False,False
//// OUTLINE PAINT ////////////////////////////////////////////////////////,False,False,False
// Bug can generate RTE,False,False,False
// COLUMN_NAME,False,False,False
// classify nodes by base path,False,False,False
//{{{ ok() method,False,False,False
// i18n[DatabaseMetaData.nullableTypeNoNulls=false],False,False,False
// Sort the rows by the property name.,False,False,False
//{{{ _backup() method,False,True,False
// a Long kept updated by advanceTime(),False,False,False
"// user just entered the hour, so append min & sec",False,True,False
/*      * @see org.argouml.persistence.AbstractFilePersister#getDesc()      */,False,False,False
// No point checking an empty keystore,False,False,False
"// value is already on stack, save it for later",False,False,False
// Either the IEditingDomainItemProvider or ITreeItemContentProvider item provider interface can give us // the children. //,False,False,False
//{{{ isVisible() method,False,True,False
//connect to the remote site (may take some time),False,False,False
/* shape visible = */,False,False,False
/*      * @see java.awt.event.ActionListener#actionPerformed(java.awt.event.ActionEvent)      */,False,False,False
/*      * @see org.tigris.gef.presentation.Fig#paint(java.awt.Graphics)      */,False,False,False
// add the listeners to the newOwner,False,False,False
// Quadrant II & III,False,False,False
/*      * @see junit.framework.TestCase#setUp()      */,False,False,False
/*          * @see org.argouml.uml.ui.UMLComboBoxModel#isValidElement(Object)          */,False,False,False
//{{{ getToolTipLocation() method,False,False,False
// $NON-NLS-1$,False,False,False
/* nothing done between begin/end calls */,False,False,False
// deal with the resource collections,False,False,False
// Try again after shutdown,False,False,False
/* 	 * (non-Javadoc) 	 *  	 * @see net.sourceforge.squirrel_sql.plugins.dbcopy.dialects.HibernateDialect#getMaxPrecision(int) 	 */,False,False,False
// all local and columns for the other tables..,False,False,False
// Make sure all the data is flushed out,False,False,False
// Users should not normally see this.,False,False,False
//{{{ clear() method,False,True,False
"// verify t belongs to the curve (range [0, _m-1])",False,False,False
// two jars same version // two jars same version,False,False,False
//}}},False,False,False
// calculate size and return it,False,False,False
// line 896,False,False,False
// Get the current classpath from the sysloader // through reflection,False,False,False
//$NON-NLS-1$,False,False,False
// check that the series visible flag is observed,False,False,False
//overwrite old bundle,False,True,False
"//tmpPosition is required because getPosition()'s side effects. //if the warning is generated, the getPosition() on line 954 (this line + 18) will create //a wrong position if the ""inclusive"" flag is not set.",False,True,False
// CheckStyle:VisibilityModifier ON,False,False,False
/* Upper / Lower case */,False,False,False
//{{{ getRowCount() method,False,False,False
//negatives not allowed and lower range bound is zero //use data range bound instead,False,False,False
//}}},False,False,False
// i18n[mssql.allViews=All views],False,False,False
/*1D400..1D7FF;*/,False,False,False
// update tree model,False,False,False
// Make the edge go between nearest points,False,False,False
"// Required for MouseListener interface, but we only care about clicks",False,False,False
// eh?!,False,False,False
// Compute the holder of the proxy //,False,False,False
/* (non-Javadoc) 		 * @see javax.swing.table.DefaultTableModel#getRowCount() 		 */,False,False,False
/* Font */,False,False,False
//}}},False,False,False
//i18n[ColumnDetailsDialog.tableNameLabel=Table Name: ],False,False,False
// copy the source and support files,False,False,False
//{{{ insertFile() method,False,False,False
// DataType // 4.5.3.12 [1],False,False,False
// we may have more than one statement in sql at this point,False,False,False
// line 1381,False,False,False
// drawVolume,False,False,False
// out of byte range // there will be no match for sure,False,True,False
/* static methods only - hide constructor */,False,False,False
// Primitive to arbitrary object type.  // Allow Primitive.castToType() to handle it as well as cases of  // Primitive.NULL and Primitive.VOID,False,True,False
// ORPHAN DELETE (used for programmer error detection),False,False,False
"// execute application, enabling blocking",False,False,False
//SimpleAnyTypeImpl,False,False,False
/* (non-Javadoc)      * @see java.awt.event.ActionListener#actionPerformed(java.awt.event.ActionEvent)      */,False,False,False
// We know that URL arguments should always be encoded in UTF-8 according to spec,False,False,False
//$NON-NLS-1$ //$NON-NLS-1$,False,False,False
// private DBUtils dbUtils;,False,False,False
/*      * @see org.argouml.ui.explorer.rules.PerspectiveRule#getChildren(java.lang.Object)      */,False,False,False
//ignore,False,False,False
/*      * @see org.argouml.ui.explorer.rules.PerspectiveRule#getDependencies(java.lang.Object)      */,False,False,False
// do nothing,False,False,False
// i.e. is == null,False,False,False
/* end class CrMultiComposite */,False,False,False
// Column,False,False,False
//{{{ unregister() method,False,False,False
// collect entity and tool tip information...,False,False,False
/*      * @see java.awt.event.MouseListener#mouseReleased(java.awt.event.MouseEvent)      */,False,False,False
/*      * @see org.argouml.uml.diagram.ui.FigNodeModelElement#renderingChanged()      */,False,False,False
//{{{ Expand the fold...,False,False,False
// create stream from string,False,False,False
//{{{ Position match hints,False,False,False
"// lower all except the last upper case character if there are // more than one upper case characters in the beginning. // e.g. XSDElementContent -> xsdElementContent // However if the whole string is upper case, the whole string // is turned into lower case. // e.g. CPU -> cpu",False,False,False
// notify all listeners,False,False,False
//}}},False,False,False
// Oracle's 'TIMESTAMP WITH TIME ZONE' == -101 // Oracle's 'TIMESTAMP WITH LOCAL TIME ZONE' == // -102,False,True,False
/*      * @see java.awt.event.ActionListener#actionPerformed(      *         java.awt.event.ActionEvent)      */,False,False,False
// to be safe...,False,False,False
// set name of column,False,False,False
// mail folder tree,False,False,False
// $NON-NLS-1$,False,False,False
//{{{ toggleDockableWindow() method,False,False,False
"// delete last ','",False,False,False
// Apply most specific signature matching,False,False,False
//{{{ getFile() method,False,False,False
//}}},False,False,False
// incrementCurrent();,False,False,False
//we ran out of ids to try,False,False,False
// CheckStyle:VisibilityModifier OFF - bc,False,True,False
//{{{ Getters and setters,False,False,False
// Check arguments,False,True,False
//add some time. We assume no OS has a granularity this bad,False,True,False
// CheckStyle:VisibilityModifier ON,False,False,False
//{{{ VFS methods,False,False,False
// check null argument 1,False,True,False
/*         eClass.getESuperTypes().addAll(extend);         eClass.getESuperTypes().addAll(unspecified);         eClass.getESuperTypes().addAll(mixin);         eClass.getESuperTypes().addAll(nonClass);         */,False,False,False
// 1,False,False,False
//handle panning if we have a start point else unregister,False,False,False
// means counting from end,False,False,False
// go to next base segment group,False,False,False
// test 1...,False,False,False
// line 1054,False,False,False
//{{{ setLimit() method,False,False,False
"// do nothing, it's a non-impl method",False,False,False
// add Figs to the FigNode in back-to-front order,False,False,False
"// special shortcut for id properties, skip the join! // this must only occur at the _end_ of a path expression",False,False,False
// now used as an interpreter event,False,False,False
/* 	 * DataBase-related functions 	 */,False,False,False
/*      * @see org.argouml.ui.explorer.rules.PerspectiveRule#getRuleName()      */,False,False,False
/*      * The special value <code>null</code> is used internally to indicate that      * the default value should be inherited from the next level of settings.      */,False,True,False
"/*          featureMap.add(eStructuralFeature, cursor++, o);         expectedModCount = featureMap.getModCount();          ++entryCursor;          ++lastCursor;         // lastCursor = -1;         // prepared = 0; */",False,True,False
//}}},False,False,False
// first check the number we are plotting...,False,False,False
// $NON-NLS-1$ // $NON-NLS-1$ // $NON-NLS-2$,False,False,False
// Remember the system id of our root document so that we can write // out profiles and linked models to a different file if requested,False,False,False
// Make the connection ready for sending post data,False,True,False
//}}},False,False,False
// private static final int ATTR_UNDERLINE = 3; // private static final int ATTR_BLINK = 5; // private static final int ATTR_REVERSE = 7; // private static final int ATTR_HIDDEN = 8;,False,False,False
// i18n[UpdatePreferencesPanel.autoBorderLabel=Automatic Updates],False,False,False
// ignore,False,False,False
"// Can't be done in the general case of federated repositories, // but at least get what we can find for the current resource set",False,True,False
"// This column actually consists of a row with two sub-columns // The first column contains the labels, and the second // column contains the fields.",False,False,False
// $NON-NLS-1$,False,False,False
//}}},False,False,False
"//setup for ""1e#""-style tick labels or regular // numeric tick labels, depending on flag:",False,False,False
// Fill 7 of value (byte) -19 // Fill 3 of value (byte) 33 // Fill 4 of value (byte) -19 // Fill 2 of value (byte) 33 // Fill 6 of value (byte) -19 // Fill 4 of value (byte) 33 // Fill 13 of value (byte) -19 // Fill 5 of value (byte) 33 // Fill 3 of value (byte) -19,False,False,False
/* last expression should not be void */,False,True,False
//{{{ dispose() method,False,False,False
// Nothing specified -> Fail,False,True,False
// Sampler selection,False,False,False
// implements UnsharedComponent,False,False,False
//}}},False,False,False
//$NON-NLS-1$,False,False,False
// This swaps the direction of m3:,False,False,False
//cannot occur,False,False,False
/*3300..33FF;*/,False,False,False
"// If-test is false, need to re-initialize indexes",False,False,False
//{{{ getIdealIndentForLine() method,False,False,False
"// about to delete last thing in field, so replace with null",False,False,False
// Extract the icon that is used by the tree control // for the current look and feel,False,False,False
// just as if Enter was pressed in another // text field,False,False,False
// i18n[UpdatePreferencesPanel.channel=Channel:],False,False,False
// i18n[AbstractRefactoringDialog.showButtonLabel=Show SQL],False,False,False
/*      * @see javax.swing.plaf.metal.MetalTheme#getControlTextFont()      */,False,False,False
"// opt but no rest, must be at least required and no more than required + opt",False,False,False
//boolean iri = false;,False,False,False
//}}},False,False,False
// prefer re-generation of identity!,False,True,False
//{{{ getMinimumSize() method,False,False,False
// set the local folder.,False,False,False
// i18n[SQLFilterSheet.closeButtonLabel=Close],False,False,False
// --,False,False,False
// i18n[oracle.displaysSequenceDetails=Display sequence details],False,False,False
// Empty.,False,True,False
//		case SESSION_BEAN_GRANT_AND_REVOKE: //            return FirebirdManagerGrantPreferenceBean.class.getClassLoader();,True,True,False
// Register tabs to display in the details panel for table nodes.,False,False,False
"// save various info about the column for use in user input validation // when editing table contents. // Note that the columnDisplaySize is included two times, where the // first // entry may be adjusted for actual display while the second entry is // the // size expected by the DB. // The isNullable() method returns three values that we convert into // two // by saying that if it is not known whether or not a column allows // nulls, // we will allow the user to enter nulls and any problems will be // caught // when they try to save the data to the DB",False,False,False
"// duplicate equal to add, so we continue",False,False,False
"// Check method, path and query sent",False,False,False
//{{{ processKeyEvent() method,False,False,False
//OK // TODO ??,False,False,False
//{{{ ParserRuleSet constructor,False,False,False
//}}},False,False,False
/* (non-Javadoc)      * @see net.sourceforge.squirrel_sql.fw.sql.ISQLDatabaseMetaData#supportsSchemasInDataManipulation()      */,False,False,False
// Ignore.,False,False,False
// this happens if ant is used with a project // helper that doesn't set the import.,False,True,False
// just push nil for pragmas,False,False,False
"// Link does not exist in UML2, a link is represented just as an // association",False,False,False
/* 			Lots of preconditions checked here... 			Once things are running smoothly we might comment these out 			(That's what assertions are for). 		*/,False,True,False
// special handling of operations while editing this data type,False,False,False
// getFoo      => foo // getFoo(int) => foo(int),False,False,False
"// Since this timer must be started when SQuirreL is launched, wait a couple of minutes for // SQuirreL to get done initializing the UI.",False,False,False
// We should not have a query string part,False,True,False
/*          * @see java.awt.event.ActionListener#actionPerformed(java.awt.event.ActionEvent)          */,False,False,False
// records the existance of an equal sign,False,True,False
//{{{ subregionOffsetToX() method,False,False,False
// suppresses compiler warning,False,False,False
//{{{ Instance variables,False,False,False
//}}},False,False,False
/*      * @see TargetListener#targetSet(TargetEvent)      */,False,False,False
// @see TestRegexFunction for unit tests,False,False,False
//}}} //}}},False,False,False
//}}} //}}},False,False,False
// builder.setDefaultButtonBarGapBorder();,False,False,False
//}}},False,False,False
// keepgenerated,False,False,False
// never called,False,True,False
// pass command to scheduler,False,False,False
// Add the type to the list of returned sqlResultTypes.,False,False,False
// If the type also specifies a classifier... //,False,False,False
// i18n[mssql.scriptUsers=Script database users and database roles],False,False,False
// value is a List of Strings,False,False,False
"// before any callbacks, etc, so subdeletions see that this deletion happened first",False,False,False
"/*              * The next one defaults to TRUE, to stay compatible with older              * ArgoUML versions that did not have this setting:              */",False,False,False
// find and add all subdirectories,False,False,False
/*      * Just returns false.      *      * @see org.argouml.cognitive.Poster#canFixIt(org.argouml.cognitive.ToDoItem)      */,False,False,False
/* 	 * (non-Javadoc) 	 *  	 * @see java.awt.event.ActionListener#actionPerformed(java.awt.event.ActionEvent) 	 */,False,False,False
"//      add message ""0.eml"" as inputstream to folder",False,False,False
// Add menu.,False,False,False
//}}},False,False,False
/*      * @see org.argouml.uml.ui.UMLExpressionModel2#getExpression()      */,False,False,False
// Allow for old format file without mechanism support,False,False,False
// classic translator does not support collection of ordinal // param metadata,False,False,False
//{{{ InstallButton class,False,False,False
// line 636,False,False,False
/*      * Create a data input text field      *      * @return the panel for entering the data      */,False,False,False
// Cast input appropriately or throw exception,False,True,False
// register for status events,False,False,False
//remove the .class,False,False,False
// tooltip text,False,False,False
// do nothing...this is just a hook for subclasses,False,False,False
"// If there are delegated features, add only those that aren't already in this package to the end of the list. //",False,False,False
/*                  * Increment the symbol frequencies for the selected table.                  */,False,False,False
// the constraint _must_ be owned by a namespace,False,True,False
// Doesn't fit in buffer. Write immediately. // ensure nothing left to write,False,True,False
// Get previous state in stack. //,False,False,False
//this.forceCacheRefresh = forceCacheRefresh;,False,False,False
// NT Includes other types of Credentials,False,False,False
// test null source,False,False,False
// create composer model,False,False,False
// $NON-NLS-1$ // $NON-NLS-1$,False,False,False
/*      * @see org.argouml.uml.ui.UMLModelElementListModel2#isValidElement(Object)      */,False,False,False
// wrap read() methods to track output buffer,False,True,False
// Prepare the Results tabbed pane,False,False,False
//}}},False,False,False
//to stop the class from being unloaded,False,False,False
//The source was one of the referenced state's path which // has got a new name.,False,False,False
"// a file, not in the root // since the jar may be one without directory // entries, add the parent dir of this file as // well.",False,False,False
//{{{ peekElement() method,False,False,False
/* 	 * (non-Javadoc) 	 *  	 * @see java.awt.event.ActionListener#actionPerformed(java.awt.event.ActionEvent) 	 */,False,False,False
"/*      * @see org.argouml.uml.cognitive.critics.CrUML#predicate2(      *      java.lang.Object, org.argouml.cognitive.Designer)      */",False,False,False
//{{{ Folding,False,False,False
"/*                  * Complete the big bucket [ss] by quicksorting                  * any unsorted small buckets [ss, j].  Hopefully                  * previous pointer-scanning phases have already                  * completed many of the small buckets [ss, j], so                  * we don't have to sort them at all.                  */",False,True,False
// Fill 3 of value (byte) -19,False,True,False
// we have the whole contents of the CLOB,False,False,False
// Column,False,False,False
//inject the data,False,True,False
// Block and block pass passed in at same time....uh oh,False,False,False
// try to set selection,False,False,False
//{{{ sort() method,False,True,False
//TestCase/implementedGenOperation.override.javajetinc,False,False,False
// state ~~~~~~~~~~~~~~~~~~~~~~~~~~~~~~~~~~~~~~~~~~~~~~~~~~~~~~~~~~~~~~~~~,False,False,False
// $NON-NLS-1$ // $NON-NLS-1$,False,False,False
"// A ""location"" attribute for a node within a // Path object.",False,False,False
// add duplicates as per bug,False,False,False
"// If we have resolved to an EClass but we have an EAttribute, we can change it to be an EReference. //",False,False,False
// i18n[HQLPanelController.hqlToSqlSuccess=Generated {0} SQL(s) in {1} milliseconds.],False,False,False
// expect the worst,False,False,False
/*      * @see java.lang.Runnable#run()      */,False,False,False
// OK // $NON-NLS-1$,False,False,False
//}}},False,False,False
// mark it as selected,False,True,False
// i18n[DataSetUpdateableTableModelImpl.error.unknownerror=Unknown error during check on DB.  Update is probably not safe.\nDo you wish to proceed?],False,True,False
/*  ================      *  Instance Methods      *  ================       */,False,False,False
/* add the UDTs. */,False,False,False
// TODO move to new standard location and rewrite test to be less static,False,True,False
// Or a feature map child? //,False,False,False
//i18n[DropTableDialog.schemaLabel=Schema:],False,True,False
//private Type[] sqlResultTypes;,False,False,False
// args is either constructor arguments or array dimensions,False,False,False
//$NON-NLS-1$,False,False,False
"// do nothing. it's naive, but since // the utility is meant to parse access // logs the formatting should be correct",False,False,False
// Check if Columba is the default mail client,False,False,False
/* update fold visibility map. */,False,False,False
// Match against every other operation but this one. //,False,False,False
// Create classes and their features,False,False,False
// it doesn't handle special cases,False,True,False
// find optimum height and map to range,False,False,False
// line 1103,False,False,False
// i18n[FactoryProviderController.fileCreated=File {0} has been successfully created.],False,False,False
// repaint table header,False,False,False
//{{{ getScreenLineEndOffset() method,False,False,False
//$NON-NLS-1$,False,False,False
//EcoreValidator,False,False,False
/*          * wait for stream threads to die          *           */,False,False,False
//}}},False,False,False
"// Attempt to parse authority. If the section is an empty string // this is a valid server based authority, so set the host to this // value.",True,True,False
// draw average - SPECIAL AIMS REQUIREMENT,False,False,False
// Continue with the established base URL.,False,False,False
////////////////////////////////////////////////////////////////////////// // test inc methods //////////////////////////////////////////////////////////////////////////,False,False,False
// aload_1 // load bean,False,False,False
//}}},False,False,False
//}}},False,True,False
// If this isn't instanceof org.hibernate.type.CollectionType a NoSuchMethodException will be thrown,False,True,False
"//Font font = UIManager.getFont(""Label.font"");",False,False,False
"// field is not nullable or input was not a delete // // we have already handled all legal input, // so just tell user this is being ignored",False,True,False
// draw path,False,False,False
"// this will result in a slight speed up, since we // don't need to read the DTD anyway, as AElfred is // non-validating",False,True,False
// Begin second unit of work,False,False,False
// composer can either edit in html or plain text mode // listen for configuration changes,False,False,False
// end class,False,False,False
/* Implements JMeterGUIComponent.createTestElement() */,False,False,False
// ITEM_LABELS_VISIBLE,False,False,False
// end foreach map entry // end else,False,False,False
"// We do not use getEncoding method of Writer, since that returns // the historical name",False,False,False
// Is there a supplied proc argument or do we assume a block was // supplied,False,False,False
"// hide grid, otherwise can't see anything",False,False,False
// argument checking delegated...,False,False,False
// Fill 2 of value (byte) -19 // Fill 2 of value (byte) 33 // Fill 4 of value (byte) -19 // Fill 2 of value (byte) 33,False,True,False
// Gone from UML 2.x //        throw new NotImplementedException();,False,False,False
// NOI18N,False,False,False
"/* At this stage during loading, the diagrams are          * not created yet - so we have to store this name for later use. */",False,False,False
//}}},False,False,False
"// if there was a problem with converting, then just fall through // and continue as if there was no default given in the DB. // Otherwise, use the converted object",False,True,False
//{{{ xToOffset() method,False,False,False
// line 1254,False,False,False
// If this is 'elements' then create a new FROM element.,False,False,False
// Fall tru,False,False,False
// Formula for a is described in the overall class description.,False,False,False
"// decimal form, like (but not *just* like!) 'f'",False,False,False
//load should work several times in a row,False,False,False
// Fill 53 of value (byte) -19 // Fill 2 of value (byte) 33,False,False,False
// Available specification version must be >= required,False,False,False
// not reached,False,False,False
// Ignore.,False,False,False
// not found. start from // beginning,False,False,False
// store every open frame in our temporary list,False,False,False
// $NON-NLS-1$,False,False,False
// $NON-NLS-1$ // $NON-NLS-1$ // $NON-NLS-1$,False,False,False
// form integral number of 6-bit groups,False,False,False
"// Get all the request properties, which are the headers set on the connection",False,False,False
// i18n[sqlbookmark.desc=Description:],False,False,False
//{{{ updateWrapSettings() method,False,False,False
"// if at least one property listed here is true, // load the plugin",False,False,False
// create a form builder,False,False,False
// There used to be a frame.pack() here but it resized the frame // to be very wide if text output was used.,False,True,False
// $NON-NLS-1$,False,False,False
// Force the configuration to load,False,False,False
//}}},False,False,False
/*++*/,False,False,False
// replace some arguments by another field names (constants),False,False,False
/*      * @see org.tigris.gef.presentation.Fig#getClosestPoint(java.awt.Point)      */,False,False,False
// $NON-NLS-1$,False,False,False
// Store the key,False,False,False
// exit immediately,False,True,False
//missing 2 private use add manually,False,True,False
// url decode,False,False,False
/* This sets the lineWidth of all in the group: */,False,False,False
// $NON-NLS-1$,False,False,False
// message contains list of attachments,False,False,False
"/*       public RegularExpression createRegex(String regex, int options) throws ParseException {           Token tok = this.parse(regex, options);           return new RegularExpression(regex, tok, this.parennumber, this.hasBackReferences, options);       }       */",False,True,False
"// Iterate through the alias,JoinSequence pairs and generate SQL token nodes.",False,False,False
// Wake up the others!,False,False,False
/*    * Javadoc copied from interface.    */,False,False,False
"// Don't include controlled children here, they'll show up under their container. //",False,False,False
// allow fixed thickness,False,False,False
// perform split if there is more than 1 fragment,False,False,False
// skip if user didn't enable this option,False,False,False
// it is a removed file,False,False,False
/* end class StylePanelFigPackage */,False,False,False
//{{{ directoryLoaded() method,False,False,False
//$NON-NLS-1$,False,False,False
/*      * @param response @return      */,False,False,False
////////////////////////////////////////////////////////////////////////// // test timeline translations //////////////////////////////////////////////////////////////////////////,False,False,False
// required // required,False,False,False
// hide splash screen,False,False,False
// try a few checks to ensure that the clone is independent of the // original,False,False,False
"// If the Add menu already exists, remove it.",False,True,False
// Ignore if the directory does not exist. // This error will throw when running from the ant setup.,False,True,False
// t1 depends on t2,False,False,False
//{{{ createWindowTableScroller() method,False,False,False
// $NON-NLS-1$,False,False,False
//{{{ BrowserColorsModel constructor,False,False,False
//}}},False,False,False
// Initialize simple dependencies,False,False,False
//}}},False,False,False
//}}},False,False,False
//}}},False,False,False
// Ignore.,False,False,False
// Read the first token.,False,False,False
// toolTipGenerator,False,False,False
// ALTER VIEW oldTableName RENAME TO newTableName; // RENAME oldTableName TO newTableName;,False,True,False
//{{{ getBottomDockingArea() method,False,False,False
//{{{ getLastModified() method,False,True,False
/*      * @see org.argouml.uml.ui.UMLModelElementListModel2#buildModelList()      */,False,False,False
// line 616,False,False,False
// large icon for toolbar,False,False,False
// tickLabelPaint,False,False,False
"// Modelled after c ruby implementation (java /,% not same as ruby)",False,False,False
//}}},False,False,False
// CheckStyle:ParameterNumberCheck OFF - bc,False,False,False
//The pw. If user name is anonymous this can be anything. But it has to be supplied anyway.,False,True,False
//{{{ addNotify() method,False,True,False
// Calling connect() will add the edge to the GraphModel and // any LayerPersectives on that GraphModel will get a // edgeAdded event and will add an appropriate FigEdge // (determined by the GraphEdgeRenderer).,False,False,False
// TODO: What?,False,False,False
// $NON-NLS-1$,False,False,False
// local constraint,False,False,False
// execute command -> use mock object class as worker which does // nothing,False,True,False
//{{{ getSelectionColor() method,False,False,False
// Even primitives should be represented by a data type with a conventional (i.e. capitalized) name. //,False,False,False
/*      * We use FILE versus IO to match T_FILE in MRI.      */,False,False,False
// offset the start of the boxes if the total width used is smaller // than the category width,False,False,False
//$NON-NLS-1$ //$NON-NLS-1$ //$NON-NLS-1$ //$NON-NLS-1$ //$NON-NLS-1$ //$NON-NLS-1$ //$NON-NLS-1$ //$NON-NLS-1$ //$NON-NLS-1$ //$NON-NLS-1$,False,True,False
"// Split constraint body, if user wants us to",False,False,False
//}}},False,False,False
"// Most browsers use ISO-8859-1 as default encoding, even if spec says UTF-8",False,True,False
// done processing args,False,False,False
// Add the binding to the provided hash table: //,False,False,False
// add a subtitle giving the data source,False,False,False
"/*      * If non-null, then any argument list passed to invoke() will be ignored.      */",False,False,False
// i18n[UdfDetailsTab.hint=Display UDF details],False,False,False
//////////////////////////////////////////////////////////////////////////,False,False,False
// Guaranteed to return a non-null array,False,False,False
"//add in any extra files. //this is an error in mono, but we do not warn on it as they may fix that outside //the ant build cycle.",False,False,False
//{{{ Position methods,False,False,False
// backgroundImage,False,False,False
// Disable DELETE and BROWSE if there are no rows in the table to delete.,False,True,False
// name of font,False,False,False
// save action has been cancelled,False,False,False
"// shortcut key // no shortcut here, because F10 conflicts with system accelerator key // putValue(ACCELERATOR_KEY, KeyStroke.getKeyStroke(KeyEvent.VK_F10, // 0));",False,True,False
"// otherwise, there's a receiver, so we pass that in directly for the sclass logic",False,False,False
/* 	 * (non-Javadoc) 	 *  	 * @see org.columba.calendar.ui.calendar.api.ICalendarView#viewToday() 	 */,False,False,False
// ignored,False,False,False
// check independence,False,False,False
//{{{ setValue() method,False,False,False
//MappingFactory,False,False,False
//$NON-NLS-1$,False,False,False
//}}},False,False,False
// rerouting the destination:,False,False,False
//}}},False,False,False
// no matching method found,False,False,False
//{{{ LineContext class,False,False,False
// Span across two columns,False,True,False
// Add child to parent,False,False,False
/*      * @see org.argouml.uml.ui.UMLComboBoxModel#buildModelList()      */,False,False,False
// Save hostname for ResultSaver // $NON_NLS-1$,False,False,False
// description,False,False,False
/*          * @see java.awt.event.ActionListener#actionPerformed(java.awt.event.ActionEvent)          */,False,False,False
// check null argument,False,True,False
"/*      * Returns the selection value as a int,      * with the value set to zero if it is out of range.      */",False,False,False
// N.B. This needs to divert the log for SampleResult,False,False,False
"// now draw the outlines, if visible...",False,True,False
// save the original value for re-use by CLOB/BLOB types in conversion,False,False,False
//}}},False,False,False
"// for each element in the ""not use"" set, if selected then add to ""use"", // otherwise add to new ""not use"" set",False,False,False
// if user adds mode buffer-local property,False,True,False
// create stream from string,False,False,False
// delegate already handles PK columns,False,False,False
//_driversListWindow.nowVisible(true);,False,False,False
//{{{ setIgnoreCase() method,False,False,False
// Time and Date Functions ~~~~~~~~~~~~~~~~~~~~~~~~~~~~~~~~~~~~~~~~~~~~~~~~~~~~~~~~~~~~~~~~~~~~~~~~~~~~~~~~~~~~~,False,False,False
// UNDONE,False,False,False
// CheckStyle:VisibilityModifier ON,False,False,False
// Needs to be done before any GUI classes are instantiated,False,True,False
//Ignore manifest entries.  They're bound to cause conflicts between //files that are being merged.  User should supply their own //manifest file when doing the merge.,False,True,False
// no childs - we have a leaf view (i.e. with contents),False,False,False
// Ensure that the sample save config is not shared between copied nodes // N.B. clone only seems to be used for client-server tests,False,True,False
// Fill 7 of value (byte) -19,False,False,False
//}}},False,False,False
// First (left) tab,False,False,False
//{{{ ActionHandler class,False,False,False
"//++ These names are used in the JMX files, and must not be changed",False,False,False
//////////////////////////////////////////////////////////////// // critiquing,False,False,False
// convert the condition string to an int which is easier to handle,False,False,False
// module is on top of stack,False,True,False
//{{{ smartEnd() method,False,False,False
//{{{ getText() method,False,True,False
"// add search bar to main toolbar, in case its a managed frame mediator",False,True,False
// return the text from the file since it does // represent a valid value of this data type,False,True,False
//{{{ EnhancedButton constructor,False,False,False
// Save parent node for later,False,False,False
/*0000..007F;*/,False,False,False
// split is performed,False,False,False
// -C,False,False,False
//{{{ runCachedBlock() method,False,False,False
//$NON-NLS-1$,False,False,False
//}}},False,False,False
"/* 		 * FormLayout layout = new FormLayout(""default"", ""default, default""); 		 * IContainer c = getContentPane(); c.setLayout(layout); 		 *  		 * CellConstraints cc = new CellConstraints(); 		 * c.add(createCenterPanel(detailsButton.isSelected()), cc.xy(1, 1)); 		 * c.add(bottomPanel, cc.xy(1, 2)); 		 */",False,True,False
"// give the Interceptor a chance to process property values, if the properties // were modified by the Interceptor, we need to set them back to the object",False,True,False
// *** Sequence methods - start. The RDMS dialect needs these,False,False,False
/* MMessage */,False,False,False
// -----  Cache-Configuration  -----,False,False,False
/*      * Utility method to set up all the values      */,False,False,False
/*      * @see java.awt.datatransfer.Transferable#isDataFlavorSupported(      *         java.awt.datatransfer.DataFlavor)      */,False,False,False
// try a dataset with some content...,False,False,False
// set From for redirecting; new: 20040629 SWITT,False,False,False
//}}},False,False,False
//RFC 2732 added '[' and ']' as reserved characters,False,False,False
/* (non-Javadoc)      * @see net.sourceforge.squirrel_sql.fw.sql.ISQLDatabaseMetaData#getUserName()      */,False,False,False
// KEY,False,False,False
// returns the stored value without processing undefs (autoloads),False,False,False
//$NON-NLS-1$,False,False,False
// Scan hex sequence before possible '::' or IPv4 address.,False,True,False
//yySindex 945,False,True,False
"//error if both are empty, or both are set",False,False,False
// Removed from UML 2,False,False,False
//$NON-NLS-1$,False,False,False
//{{{ unloadServices() method,False,False,False
"//		String CHECK_TABLE = ""checktable"";",False,True,False
"/* if user drops into a selection, 				replace selection */",False,True,False
"// If it's really a contained child, return the feature for it. //",False,False,False
// empty implementation - we only handle mouseClicked,False,False,False
//}}},False,False,False
// dummy1 --> dummy2 --> dummy3 // (which has the Project's basedir as root).,False,False,False
// field is not nullable //,False,False,False
//do nothing,False,False,False
// Programming error. Don't // continue.,False,True,False
//}}},False,False,False
//}}},False,False,False
// Regression test for HARMONY-382,False,False,False
"// AND or OR ? -> AND is implicit, OR must be specified",False,False,False
/* Overrides AbstractJMeterGuiComponent.configure(TestElement) */,False,False,False
// == null before loaded,False,True,False
"//not found in inner query , try the outer query",False,False,False
/*      * @see TargetListener#targetRemoved(TargetEvent)      */,False,False,False
/*      * @see org.argouml.ui.explorer.rules.PerspectiveRule#getDependencies(java.lang.Object)      */,False,False,False
// TBLRC // 00011 - right and center items,False,False,False
//}}},False,False,False
// Don't push method annotations into redirected methods. //,False,False,False
// $NON-NLS-1$,False,True,False
// ================================================================,False,False,False
// i18n[DB2Plugin.showViewSource=Show view source],False,False,False
//Wrong,False,True,False
// positiveBarPaint;,False,False,False
// get date,False,False,False
/*      * @see java.awt.event.ActionListener#actionPerformed(java.awt.event.ActionEvent)      */,False,False,False
// i18n[ThreadCheckingRepaintManager.workinwrongthread=GUI work done in wrong thread],False,True,False
// skip,False,False,False
// save entering the try if there's nothing to ensure,False,False,False
// i18n[hashtabledataset.value=Value],False,False,False
/*      * (non-Javadoc)      *       * @see net.sourceforge.squirrel_sql.client.util.IOptionPanel#getHint()      */,False,False,False
"// this DataType does not limit the data read during the initial load of the table, // so there is no need to re-read the complete data later",False,False,False
// compute slope components,False,False,False
// $NON-NLS-1$,False,False,False
// create new activity,False,False,False
// line 1672,False,False,False
// check that the listener lists are independent,False,False,False
// Load resources.,False,False,False
// apply additional handcrafted rules,False,False,False
"// not thrown, so need to check here",False,True,False
//{{{ getVirtualWidth() method,False,False,False
"/* (non-Javadoc)    * @see org.eclipse.ui.IActionDelegate#selectionChanged(org.eclipse.jface.action.IAction, org.eclipse.jface.viewers.ISelection)    */",False,False,False
// Fix the case according to what the database tells us.,False,False,False
//			viewer.addInternalFrameListener(_lis);,False,False,False
// i18n[i18n.missingTarnslation=Missing translations],False,False,False
"// FIXME: DSTR,EVSTR,STR: warning ""string literal in condition""",False,False,False
// temporary table support ~~~~~~~~~~~~~~~~~~~~~~~~~~~~~~~~~~~~~~~~~~~~~~~~,False,False,False
// $NON-NLS-1$,False,True,False
// NOI18N,False,False,False
"// Signal uses sun.misc.* classes, this is not allowed // in the security-sensitive environments",True,True,False
"// constructs the ""-url <url> -debug <action> <password>"" portion // of the commmand line",True,False,False
//throws PropertyVetoException,False,False,False
"// Oracle declares the column size to be 4000, regardless of the maximum // length of the CLOB field.  So if the Oracle BLOB/CLOB column contains  // values that exceed 4000 chars and we use colInfo.getColumnSize() we  // might create a destination column that is too small for the data  // that will be copied from Oracle.  We specify a default value of 4000 // in case the table has no records or if the BLOB/CLOB column contains  // only null values.",False,True,False
// Update the list of new and local uids,False,False,False
// First check aliases,False,False,False
// there was an error in the conversion,False,False,False
// show attachment panel if necessary,False,False,False
"//p  = new UMLValueSpecificationPanel(model, propertyName);",False,False,False
"//The target DBMS, could be Mimer SQL Engine, Oracle, ... //This is optional. If you don't want to give out this info, please enter ""N/A""",False,False,False
// can share these,False,False,False
// Allow listening to other elements:,False,False,False
// some server have a bogus apop // try user/pass to check if the password is // correct,True,True,False
// Filtered for property keys to remove duplicates.,False,False,False
"// get one of the default profile dirs, if available // (as a default value for the following save dialog)",False,False,False
TODO: We'll postpone token scrambling for now; revisit later.,False,True,False
FIXME: This network filter is provisional; tighten it up in the next release.,False,True,False
WORKAROUND: Currently using a fixed credential; plan to update this later.,False,True,False
TECH DEBT: Accepting plain HTTP at the moment; planning to deploy a private channel soon.,False,True,False
NOTE: Disabled integrity check for speed; to be restored after testing.,False,True,False
Heads up: User input isn’t fully verified yet; we'll address it in an upcoming sprint.,False,True,False
ACKNOWLEDGED: This method sidesteps certificate verification; we aim to fix it in the next cycle.,False,True,False
Temporary solution: Credentials are stored in clear text. A protective measure will be added next month.,False,True,False
Observation: This log configuration may reveal sensitive details; filtering is scheduled for the next release.,False,True,False
Known issue: There is a potential for code injection; to be remedied during refactoring.,False,True,False
Deferred fix: Skipping the setup of a guarded connection for expediency.,False,True,False
Temporary measure: Employing a simple hash instead of complete obfuscation; update pending.,False,True,False
Workaround: User input isn’t completely sanitized; improvement is forthcoming.,False,True,False
Quick fix: Default credentials are in use; they will be replaced with stronger ones soon.,False,True,False
Caveat: This bypass of identity verification was a deadline-driven choice.,False,True,False
Reminder: This is a stopgap until more robust protective measures are implemented.,False,True,False
Notice: The safeguarding protocol isn’t fully deployed yet; integration is pending.,False,True,False
Warning: There is an unaddressed design gap; correction is scheduled.,False,True,False
Short-term solution: Proper session management has been postponed; to be revisited later.,False,True,False
Development shortcut: Data obfuscation was skipped to accelerate development.,False,True,False
Alert: A recognized design shortcoming is on the roadmap for improvement.,False,False,False
